[17:55:56][INFO] ==================================================
[17:55:56][INFO] Smart Parking System Start
[17:55:56][INFO] ==================================================
[17:56:01][INFO] [Sender] 초기화 | 서버: http://172.20.10.5:8000/api/event
[17:56:01][INFO] [Sender] 미전송 1건 복구
[17:56:01][INFO] Mapping loaded | zones: ['a-b1-001', 'a-b1-002', 'a-b1-003', 'a-b1-004', 'a-b1-005', 'a-b1-006', 'a-b1-007', 'a-b1-008', 'a-b1-009']
[17:56:06][INFO] [Camera] C920 자동 포커스 설정 완료
[17:56:06][INFO] [OCR Worker] 시작
[17:56:06][INFO] [OCR Worker] 시작
[17:56:06][INFO] [Send Worker] 시작
[17:56:06][INFO] [Workers] OCR x2, Send x1 시작
[17:56:09][INFO] Camera started | M: mapping  Q/ESC: quit
[17:56:10][INFO] [PixelCheck] 빈 구역 스냅샷 초기화 완료
[17:56:18][INFO] [EVENT] {'type': 'exit', 'zone': 'a-b1-001', 'plate': None, 'plate_status': 'pending', 'entry_time': 1781081282.6559162, 'park_status': 'multi_zone', 'linked_zone': 'a-b1-002', 'timestamp': 1781081778.1613479}
[17:56:18][INFO] [EXIT] a-b1-001 plate=None
[17:56:18][INFO] [EXIT] linked a-b1-002 동시 출차 처리
[17:56:18][INFO] [EVENT] {'type': 'exit', 'zone': 'a-b1-003', 'plate': None, 'plate_status': 'pending', 'entry_time': 1781081284.4871054, 'park_status': 'multi_zone', 'linked_zone': 'a-b1-004', 'timestamp': 1781081778.168955}
[17:56:18][INFO] [EXIT] a-b1-003 plate=None
[17:56:18][INFO] [EXIT] linked a-b1-004 동시 출차 처리
[17:56:18][INFO] [EVENT] {'type': 'exit', 'zone': 'a-b1-005', 'plate': None, 'plate_status': 'pending', 'entry_time': 1781011043.7521598, 'park_status': 'normal', 'linked_zone': None, 'timestamp': 1781081778.1757371}
[17:56:18][INFO] [EXIT] a-b1-005 plate=None
[17:56:26][INFO] [Sender] 전송 성공 | event:exit zone:a-b1-001
[17:56:33][INFO] [Sender] 미전송 1건 재전송 완료
[17:56:36][INFO] [Sender] 전송 성공 | event:exit zone:a-b1-002
[17:56:38][WARNING] [Sender] 서버 응답 오류: 404 → 재전송 큐 저장
[17:56:38][WARNING] [Sender] 큐 저장 (1건)
[17:56:44][INFO] [Sender] 전송 성공 | event:exit zone:a-b1-004
[17:56:48][INFO] [Sender] 전송 성공 | event:exit zone:a-b1-005
[17:57:17][INFO] [EVENT] {'type': 'entry', 'zone': 'a-b1-003', 'plate': None, 'plate_status': 'pending', 'entry_time': 1781081837.4963295, 'park_status': 'normal', 'timestamp': 1781081837.4963295}
[17:57:17][INFO] [ENTRY QUICK] a-b1-003 PARKED 상태 먼저 전송
[17:57:17][INFO] [ENTRY] a-b1-003 OCR Queue 제출 (대기: 1)
[17:57:22][INFO] [Sender] 전송 성공 | event:entry_quick zone:a-b1-003
[17:57:41][INFO] [OCR Worker] a-b1-003 완료: 78호1234 (confirmed)
[17:57:44][INFO] [Sender] 미전송 1건 재전송 완료
[17:57:48][INFO] [MULTI] a-b1-003+a-b1-004 끝점 감지 시작
[17:57:49][INFO] [MULTI-ZONE] CONFIRMED: a-b1-003+a-b1-004 (1.9s 정지)
[17:57:49][INFO] [MULTI OCR] a-b1-004 OCR Queue 제출
[17:57:51][INFO] [Sender] 전송 성공 | event:entry zone:a-b1-003
[17:57:51][INFO] [MULTI] a-b1-003+a-b1-004 끝점 감지 시작
[17:57:53][INFO] [Sender] 전송 성공 | event:entry_quick zone:a-b1-003
[17:57:54][INFO] [Sender] 전송 성공 | event:entry_quick zone:a-b1-004
[17:58:13][INFO] [OCR Worker] a-b1-004 완료: 78호1234 (confirmed)
[17:58:13][INFO] [MULTI OCR] a-b1-004 → linked a-b1-003 번호판 78호1234 업데이트
[17:58:20][WARNING] [Sender] 서버 응답 오류: 409 → 재전송 큐 저장
[17:58:20][WARNING] [Sender] 큐 저장 (1건)
[17:58:29][INFO] [Sender] 미전송 1건 재전송 완료
[17:58:33][WARNING] [Sender] 서버 응답 오류: 404 → 재전송 큐 저장
[17:58:33][WARNING] [Sender] 큐 저장 (1건)
[17:58:56][INFO] [MULTI] a-b1-003+a-b1-004 끝점 감지 시작
[17:59:00][INFO] [MULTI-ZONE] CONFIRMED: a-b1-003+a-b1-004 (4.4s 정지)
[17:59:01][INFO] [MULTI] a-b1-003+a-b1-004 끝점 감지 시작
[17:59:05][INFO] [Sender] 전송 성공 | event:entry_quick zone:a-b1-003
[17:59:10][INFO] [Sender] 전송 성공 | event:entry_quick zone:a-b1-004
[18:04:07][INFO] Quit
[18:04:07][INFO] [Workers] 종료 대기 중...
[18:04:07][INFO] [OCR Worker] 종료
[18:04:07][INFO] [OCR Worker] 종료
[18:04:08][INFO] [Send Worker] 종료
[18:04:08][INFO] System stopped
[18:04:14][INFO] ==================================================
[18:04:14][INFO] Smart Parking System Start
[18:04:14][INFO] ==================================================
[18:04:19][INFO] [Sender] 초기화 | 서버: http://172.20.10.5:8000/api/event
[18:04:19][INFO] [Sender] 미전송 1건 복구
[18:04:19][INFO] Mapping loaded | zones: ['a-b1-001', 'a-b1-002', 'a-b1-003', 'a-b1-004', 'a-b1-005', 'a-b1-006', 'a-b1-007', 'a-b1-008', 'a-b1-009']
[18:04:24][INFO] [Camera] C920 자동 포커스 설정 완료
[18:04:24][INFO] [OCR Worker] 시작
[18:04:24][INFO] [OCR Worker] 시작
[18:04:24][INFO] [Send Worker] 시작
[18:04:24][INFO] [Workers] OCR x2, Send x1 시작
[18:04:24][INFO] Camera started | M: mapping  Q/ESC: quit
[18:04:26][INFO] [PixelCheck] 빈 구역 스냅샷 초기화 완료
[18:04:34][INFO] [EVENT] {'type': 'exit', 'zone': 'a-b1-003', 'plate': None, 'plate_status': 'pending', 'entry_time': 1781081940.217222, 'park_status': 'multi_zone', 'linked_zone': 'a-b1-004', 'timestamp': 1781082274.2823536}
[18:04:34][INFO] [EXIT] a-b1-003 plate=None
[18:04:34][INFO] [EXIT] linked a-b1-004 동시 출차 처리
[18:04:39][WARNING] [Sender] 서버 응답 오류: 404 → 재전송 큐 저장
[18:04:39][WARNING] [Sender] 큐 저장 (2건)
[18:04:49][INFO] [Sender] 전송 성공 | event:exit zone:a-b1-004
[18:06:03][INFO] [MULTI] a-b1-003+a-b1-004 끝점 감지 시작
[18:06:05][INFO] [MULTI-ZONE] CONFIRMED: a-b1-003+a-b1-004 (1.8s 정지)
[18:06:05][INFO] [MULTI OCR] a-b1-003 OCR Queue 제출
[18:06:05][INFO] [MULTI OCR] a-b1-004 OCR Queue 제출
[18:06:07][INFO] [MULTI] a-b1-003+a-b1-004 끝점 감지 시작
[18:06:15][INFO] [Sender] 전송 성공 | event:entry_quick zone:a-b1-003
[18:06:24][INFO] [Sender] 미전송 2건 재전송 완료
[18:06:25][INFO] [OCR Worker] a-b1-003 완료: UNREADABLE (unreadable)
[18:06:25][WARNING] [OCR ERROR] a-b1-003 번호판 인식 불가 (unreadable) → 알림 전송 예정
[18:06:25][WARNING] [UNREADABLE] a-b1-003 번호판 인식 불가
[18:06:25][INFO] [OCR Worker] a-b1-004 완료: UNREADABLE (unreadable)
[18:06:25][WARNING] [OCR ERROR] a-b1-004 번호판 인식 불가 (unreadable) → 알림 전송 예정
[18:06:25][WARNING] [UNREADABLE] a-b1-004 번호판 인식 불가
[18:06:30][INFO] [Sender] 전송 성공 | event:entry_quick zone:a-b1-004
[18:06:33][INFO] [Sender] 전송 성공 | event:entry zone:a-b1-003
[18:06:35][INFO] [Sender] 전송 성공 | event:entry zone:a-b1-004
[18:06:39][INFO] [MULTI-ZONE] CONFIRMED: a-b1-003+a-b1-004 (33.1s 정지)
[18:06:40][INFO] [MULTI] a-b1-003+a-b1-004 끝점 감지 시작
[18:06:40][INFO] [Sender] 전송 성공 | event:entry_quick zone:a-b1-003
[18:06:42][INFO] [Sender] 전송 성공 | event:entry_quick zone:a-b1-004
[18:06:42][INFO] [MULTI-ZONE] CONFIRMED: a-b1-003+a-b1-004 (2.5s 정지)
[18:06:43][INFO] [MULTI] a-b1-003+a-b1-004 끝점 감지 시작
[18:06:43][INFO] [Sender] 전송 성공 | event:entry_quick zone:a-b1-003
[18:06:45][INFO] [MULTI-ZONE] CONFIRMED: a-b1-003+a-b1-004 (2.4s 정지)
[18:06:45][INFO] [Sender] 전송 성공 | event:entry_quick zone:a-b1-004
[18:06:46][INFO] [MULTI] a-b1-003+a-b1-004 끝점 감지 시작
[18:06:46][INFO] [Sender] 전송 성공 | event:entry_quick zone:a-b1-003
[18:06:48][INFO] [Sender] 전송 성공 | event:entry_quick zone:a-b1-004
[18:06:48][INFO] [MULTI-ZONE] CONFIRMED: a-b1-003+a-b1-004 (2.5s 정지)
[18:06:49][INFO] [MULTI] a-b1-003+a-b1-004 끝점 감지 시작
[18:06:49][INFO] [Sender] 전송 성공 | event:entry_quick zone:a-b1-003
[18:06:51][INFO] [Sender] 전송 성공 | event:entry_quick zone:a-b1-004
[18:06:51][INFO] [MULTI-ZONE] CONFIRMED: a-b1-003+a-b1-004 (2.4s 정지)
[18:06:52][INFO] [MULTI] a-b1-003+a-b1-004 끝점 감지 시작
[18:06:53][INFO] [Sender] 전송 성공 | event:entry_quick zone:a-b1-003
[18:06:54][INFO] [Sender] 전송 성공 | event:entry_quick zone:a-b1-004
[18:06:54][INFO] [MULTI-ZONE] CONFIRMED: a-b1-003+a-b1-004 (2.5s 정지)
[18:06:55][INFO] [MULTI] a-b1-003+a-b1-004 끝점 감지 시작
[18:06:56][INFO] [Sender] 전송 성공 | event:entry_quick zone:a-b1-003
[18:06:57][INFO] [MULTI-ZONE] CONFIRMED: a-b1-003+a-b1-004 (2.4s 정지)
[18:06:58][INFO] [Sender] 전송 성공 | event:entry_quick zone:a-b1-004
[18:06:58][INFO] [MULTI] a-b1-003+a-b1-004 끝점 감지 시작
[18:06:59][INFO] [Sender] 전송 성공 | event:entry_quick zone:a-b1-003
[18:07:00][INFO] [MULTI-ZONE] CONFIRMED: a-b1-003+a-b1-004 (2.5s 정지)
[18:07:01][INFO] [Sender] 전송 성공 | event:entry_quick zone:a-b1-004
[18:07:02][INFO] [MULTI] a-b1-003+a-b1-004 끝점 감지 시작
[18:07:02][INFO] [Sender] 전송 성공 | event:entry_quick zone:a-b1-003
[18:07:03][INFO] [MULTI-ZONE] CONFIRMED: a-b1-003+a-b1-004 (2.5s 정지)
[18:07:04][INFO] [Sender] 전송 성공 | event:entry_quick zone:a-b1-004
[18:07:05][INFO] [MULTI] a-b1-003+a-b1-004 끝점 감지 시작
[18:07:05][INFO] [Sender] 전송 성공 | event:entry_quick zone:a-b1-003
[18:07:07][INFO] [MULTI-ZONE] CONFIRMED: a-b1-003+a-b1-004 (2.4s 정지)
[18:07:07][INFO] [Sender] 전송 성공 | event:entry_quick zone:a-b1-004
[18:07:08][INFO] [MULTI] a-b1-003+a-b1-004 끝점 감지 시작
[18:07:09][INFO] [Sender] 전송 성공 | event:entry_quick zone:a-b1-003
[18:07:10][INFO] [MULTI-ZONE] CONFIRMED: a-b1-003+a-b1-004 (2.5s 정지)
[18:07:10][INFO] [Sender] 전송 성공 | event:entry_quick zone:a-b1-004
[18:07:11][INFO] [MULTI] a-b1-003+a-b1-004 끝점 감지 시작
[18:07:12][INFO] [Sender] 전송 성공 | event:entry_quick zone:a-b1-003
[18:07:13][INFO] [MULTI-ZONE] CONFIRMED: a-b1-003+a-b1-004 (2.4s 정지)
[18:07:13][INFO] [Sender] 전송 성공 | event:entry_quick zone:a-b1-004
[18:07:14][INFO] [MULTI] a-b1-003+a-b1-004 끝점 감지 시작
[18:07:15][INFO] [Sender] 전송 성공 | event:entry_quick zone:a-b1-003
[18:07:16][INFO] [MULTI-ZONE] CONFIRMED: a-b1-003+a-b1-004 (2.4s 정지)
[18:07:16][INFO] [Sender] 전송 성공 | event:entry_quick zone:a-b1-004
[18:07:17][INFO] [MULTI] a-b1-003+a-b1-004 끝점 감지 시작
[18:07:18][INFO] [Sender] 전송 성공 | event:entry_quick zone:a-b1-003
[18:07:19][INFO] [MULTI-ZONE] CONFIRMED: a-b1-003+a-b1-004 (2.4s 정지)
[18:07:19][INFO] [Sender] 전송 성공 | event:entry_quick zone:a-b1-004
[18:07:20][INFO] [MULTI] a-b1-003+a-b1-004 끝점 감지 시작
[18:07:21][INFO] [Sender] 전송 성공 | event:entry_quick zone:a-b1-003
[18:07:22][INFO] [MULTI-ZONE] CONFIRMED: a-b1-003+a-b1-004 (2.4s 정지)
[18:07:22][INFO] [Sender] 전송 성공 | event:entry_quick zone:a-b1-004
[18:07:23][INFO] [MULTI] a-b1-003+a-b1-004 끝점 감지 시작
[18:07:24][INFO] [Sender] 전송 성공 | event:entry_quick zone:a-b1-003
[18:07:25][INFO] [MULTI-ZONE] CONFIRMED: a-b1-003+a-b1-004 (2.4s 정지)
[18:07:25][INFO] [Sender] 전송 성공 | event:entry_quick zone:a-b1-004
[18:07:26][INFO] [MULTI] a-b1-003+a-b1-004 끝점 감지 시작
[18:07:27][INFO] [Sender] 전송 성공 | event:entry_quick zone:a-b1-003
[18:07:28][INFO] [MULTI-ZONE] CONFIRMED: a-b1-003+a-b1-004 (2.4s 정지)
[18:07:29][INFO] [Sender] 전송 성공 | event:entry_quick zone:a-b1-004
[18:07:29][INFO] [MULTI] a-b1-003+a-b1-004 끝점 감지 시작
[18:07:31][INFO] [Sender] 전송 성공 | event:entry_quick zone:a-b1-003
[18:07:31][INFO] [MULTI-ZONE] CONFIRMED: a-b1-003+a-b1-004 (2.5s 정지)
[18:07:32][INFO] [MULTI] a-b1-003+a-b1-004 끝점 감지 시작
[18:07:32][INFO] [Sender] 전송 성공 | event:entry_quick zone:a-b1-004
[18:07:34][INFO] [Sender] 전송 성공 | event:entry_quick zone:a-b1-003
[18:07:36][INFO] [Sender] 전송 성공 | event:entry_quick zone:a-b1-004
[18:07:37][INFO] [MULTI-ZONE] CONFIRMED: a-b1-003+a-b1-004 (4.9s 정지)
[18:07:38][INFO] [Sender] 전송 성공 | event:entry_quick zone:a-b1-003
[18:07:40][INFO] [Sender] 전송 성공 | event:entry_quick zone:a-b1-004
[18:07:45][INFO] [EVENT] {'type': 'exit', 'zone': 'a-b1-004', 'plate': None, 'plate_status': 'pending', 'entry_time': 1781082457.142747, 'park_status': 'multi_zone', 'linked_zone': 'a-b1-003', 'timestamp': 1781082465.1510892}
[18:07:45][WARNING] [EXIT] a-b1-004 OCR 완료 전 출차 → entry null 전송
[18:07:45][INFO] [EXIT] a-b1-004 plate=None
[18:07:45][INFO] [EXIT] linked a-b1-003 동시 출차 처리
[18:07:48][INFO] [Sender] 전송 성공 | event:exit zone:a-b1-004
[18:07:50][WARNING] [Sender] 서버 응답 오류: 404 → 재전송 큐 저장
[18:07:50][WARNING] [Sender] 큐 저장 (1건)
[18:08:00][INFO] [Sender] 전송 성공 | event:entry zone:a-b1-004
[18:10:50][INFO] [MULTI] a-b1-003+a-b1-004 끝점 감지 시작
[18:10:51][INFO] [MULTI-ZONE] CONFIRMED: a-b1-003+a-b1-004 (1.8s 정지)
[18:10:51][INFO] [MULTI OCR] a-b1-003 OCR Queue 제출
[18:10:51][INFO] [MULTI OCR] a-b1-004 OCR Queue 제출
[18:10:53][INFO] [MULTI] a-b1-003+a-b1-004 끝점 감지 시작
[18:10:56][INFO] [MULTI-ZONE] CONFIRMED: a-b1-003+a-b1-004 (4.4s 정지)
[18:10:58][INFO] [Sender] 전송 성공 | event:entry_quick zone:a-b1-003
[18:10:59][INFO] [MULTI] a-b1-003+a-b1-004 끝점 감지 시작
[18:11:02][INFO] [MULTI-ZONE] CONFIRMED: a-b1-003+a-b1-004 (4.5s 정지)
[18:11:02][INFO] [Sender] 미전송 1건 재전송 완료
[18:11:04][INFO] [MULTI] a-b1-003+a-b1-004 끝점 감지 시작
[18:11:07][INFO] [Sender] 전송 성공 | event:entry_quick zone:a-b1-004
[18:11:07][INFO] [MULTI-ZONE] CONFIRMED: a-b1-003+a-b1-004 (4.3s 정지)
[18:11:09][INFO] [Sender] 전송 성공 | event:entry_quick zone:a-b1-003
[18:11:09][INFO] [MULTI] a-b1-003+a-b1-004 끝점 감지 시작
[18:11:10][INFO] [Sender] 전송 성공 | event:entry_quick zone:a-b1-004
[18:11:12][INFO] [Sender] 전송 성공 | event:entry_quick zone:a-b1-003
[18:11:13][INFO] [MULTI-ZONE] CONFIRMED: a-b1-003+a-b1-004 (4.5s 정지)
[18:11:13][INFO] [Sender] 전송 성공 | event:entry_quick zone:a-b1-004
[18:11:15][INFO] [Sender] 전송 성공 | event:entry_quick zone:a-b1-003
[18:11:15][INFO] [MULTI] a-b1-003+a-b1-004 끝점 감지 시작
[18:11:16][INFO] [Sender] 전송 성공 | event:entry_quick zone:a-b1-004
[18:11:18][INFO] [Sender] 전송 성공 | event:entry_quick zone:a-b1-003
[18:11:18][INFO] [MULTI-ZONE] CONFIRMED: a-b1-003+a-b1-004 (4.3s 정지)
[18:11:19][INFO] [Sender] 전송 성공 | event:entry_quick zone:a-b1-004
[18:11:20][INFO] [Sender] 전송 성공 | event:entry_quick zone:a-b1-003
[18:11:20][INFO] [OCR Worker] a-b1-004 완료: UNREADABLE (unreadable)
[18:11:20][WARNING] [OCR ERROR] a-b1-004 번호판 인식 불가 (unreadable) → 알림 전송 예정
[18:11:20][WARNING] [UNREADABLE] a-b1-004 번호판 인식 불가
[18:11:20][INFO] [OCR Worker] a-b1-003 완료: UNREADABLE (unreadable)
[18:11:20][WARNING] [OCR ERROR] a-b1-003 번호판 인식 불가 (unreadable) → 알림 전송 예정
[18:11:20][WARNING] [UNREADABLE] a-b1-003 번호판 인식 불가
[18:11:20][INFO] [MULTI] a-b1-003+a-b1-004 끝점 감지 시작
[18:11:21][INFO] [Sender] 전송 성공 | event:entry_quick zone:a-b1-004
[18:11:22][INFO] [MULTI-ZONE] CONFIRMED: a-b1-003+a-b1-004 (2.9s 정지)
[18:11:23][INFO] [MULTI] a-b1-003+a-b1-004 끝점 감지 시작
[18:11:24][INFO] [Sender] 전송 성공 | event:entry zone:a-b1-004
[18:11:25][INFO] [MULTI-ZONE] CONFIRMED: a-b1-003+a-b1-004 (2.4s 정지)
[18:11:27][INFO] [MULTI] a-b1-003+a-b1-004 끝점 감지 시작
[18:11:27][INFO] [Sender] 전송 성공 | event:entry zone:a-b1-003
[18:11:28][INFO] [Sender] 전송 성공 | event:entry_quick zone:a-b1-003
[18:11:28][INFO] [MULTI-ZONE] CONFIRMED: a-b1-003+a-b1-004 (2.5s 정지)
[18:11:29][INFO] [Sender] 전송 성공 | event:entry_quick zone:a-b1-004
[18:11:30][INFO] [MULTI] a-b1-003+a-b1-004 끝점 감지 시작
[18:11:31][INFO] [Sender] 전송 성공 | event:entry_quick zone:a-b1-003
[18:11:31][INFO] [MULTI-ZONE] CONFIRMED: a-b1-003+a-b1-004 (2.4s 정지)
[18:11:32][INFO] [Sender] 전송 성공 | event:entry_quick zone:a-b1-004
[18:11:33][INFO] [MULTI] a-b1-003+a-b1-004 끝점 감지 시작
[18:11:34][INFO] [Sender] 전송 성공 | event:entry_quick zone:a-b1-003
[18:11:35][INFO] [MULTI-ZONE] CONFIRMED: a-b1-003+a-b1-004 (2.6s 정지)
[18:11:35][INFO] [Sender] 전송 성공 | event:entry_quick zone:a-b1-004
[18:11:36][INFO] [MULTI] a-b1-003+a-b1-004 끝점 감지 시작
[18:11:37][INFO] [Sender] 전송 성공 | event:entry_quick zone:a-b1-003
[18:11:38][INFO] [MULTI-ZONE] CONFIRMED: a-b1-003+a-b1-004 (2.5s 정지)
[18:11:38][INFO] [Sender] 전송 성공 | event:entry_quick zone:a-b1-004
[18:11:39][INFO] [MULTI] a-b1-003+a-b1-004 끝점 감지 시작
[18:11:40][INFO] [Sender] 전송 성공 | event:entry_quick zone:a-b1-003
[18:11:41][INFO] [MULTI-ZONE] CONFIRMED: a-b1-003+a-b1-004 (2.5s 정지)
[18:11:41][INFO] [Sender] 전송 성공 | event:entry_quick zone:a-b1-004
[18:11:42][INFO] [MULTI] a-b1-003+a-b1-004 끝점 감지 시작
[18:11:43][INFO] [Sender] 전송 성공 | event:entry_quick zone:a-b1-003
[18:11:44][INFO] [MULTI-ZONE] CONFIRMED: a-b1-003+a-b1-004 (2.4s 정지)
[18:11:44][INFO] [Sender] 전송 성공 | event:entry_quick zone:a-b1-004
[18:11:45][INFO] [MULTI] a-b1-003+a-b1-004 끝점 감지 시작
[18:11:45][INFO] [Sender] 전송 성공 | event:entry_quick zone:a-b1-003
[18:11:47][INFO] [Sender] 전송 성공 | event:entry_quick zone:a-b1-004
[18:11:47][INFO] [MULTI-ZONE] CONFIRMED: a-b1-003+a-b1-004 (2.5s 정지)
[18:11:48][INFO] [MULTI] a-b1-003+a-b1-004 끝점 감지 시작
[18:11:48][INFO] [Sender] 전송 성공 | event:entry_quick zone:a-b1-003
[18:11:50][INFO] [Sender] 전송 성공 | event:entry_quick zone:a-b1-004
[18:11:50][INFO] [MULTI-ZONE] CONFIRMED: a-b1-003+a-b1-004 (2.5s 정지)
[18:11:51][INFO] [Sender] 전송 성공 | event:entry_quick zone:a-b1-003
[18:11:51][INFO] [MULTI] a-b1-003+a-b1-004 끝점 감지 시작
[18:11:53][INFO] [Sender] 전송 성공 | event:entry_quick zone:a-b1-004
[18:11:53][INFO] [MULTI-ZONE] CONFIRMED: a-b1-003+a-b1-004 (2.5s 정지)
[18:11:54][INFO] [Sender] 전송 성공 | event:entry_quick zone:a-b1-003
[18:11:54][INFO] [MULTI] a-b1-003+a-b1-004 끝점 감지 시작
[18:11:56][INFO] [Sender] 전송 성공 | event:entry_quick zone:a-b1-004
[18:11:56][INFO] [MULTI-ZONE] CONFIRMED: a-b1-003+a-b1-004 (2.5s 정지)
[18:11:57][INFO] [Sender] 전송 성공 | event:entry_quick zone:a-b1-003
[18:11:57][INFO] [MULTI] a-b1-003+a-b1-004 끝점 감지 시작
[18:11:58][INFO] [Sender] 전송 성공 | event:entry_quick zone:a-b1-004
[18:11:59][INFO] [MULTI-ZONE] CONFIRMED: a-b1-003+a-b1-004 (2.5s 정지)
[18:12:00][INFO] [Sender] 전송 성공 | event:entry_quick zone:a-b1-003
[18:12:01][INFO] [MULTI] a-b1-003+a-b1-004 끝점 감지 시작
[18:12:01][INFO] [Sender] 전송 성공 | event:entry_quick zone:a-b1-004
[18:12:02][INFO] [MULTI-ZONE] CONFIRMED: a-b1-003+a-b1-004 (2.5s 정지)
[18:12:03][INFO] [Sender] 전송 성공 | event:entry_quick zone:a-b1-003
[18:12:04][INFO] [MULTI] a-b1-003+a-b1-004 끝점 감지 시작
[18:12:04][INFO] [Sender] 전송 성공 | event:entry_quick zone:a-b1-004
[18:12:06][INFO] [Sender] 전송 성공 | event:entry_quick zone:a-b1-003
[18:12:06][INFO] [MULTI-ZONE] CONFIRMED: a-b1-003+a-b1-004 (2.5s 정지)
[18:12:07][INFO] [MULTI] a-b1-003+a-b1-004 끝점 감지 시작
[18:12:07][INFO] [Sender] 전송 성공 | event:entry_quick zone:a-b1-004
[18:12:09][INFO] [MULTI-ZONE] CONFIRMED: a-b1-003+a-b1-004 (2.5s 정지)
[18:12:09][INFO] [Sender] 전송 성공 | event:entry_quick zone:a-b1-003
[18:12:10][INFO] [MULTI] a-b1-003+a-b1-004 끝점 감지 시작
[18:12:10][INFO] [Sender] 전송 성공 | event:entry_quick zone:a-b1-004
[18:12:12][INFO] [Sender] 전송 성공 | event:entry_quick zone:a-b1-003
[18:12:12][INFO] [MULTI-ZONE] CONFIRMED: a-b1-003+a-b1-004 (2.5s 정지)
[18:12:13][INFO] [MULTI] a-b1-003+a-b1-004 끝점 감지 시작
[18:12:13][INFO] [Sender] 전송 성공 | event:entry_quick zone:a-b1-004
[18:12:15][INFO] [Sender] 전송 성공 | event:entry_quick zone:a-b1-003
[18:12:15][INFO] [MULTI-ZONE] CONFIRMED: a-b1-003+a-b1-004 (2.5s 정지)
[18:12:16][INFO] [Sender] 전송 성공 | event:entry_quick zone:a-b1-004
[18:12:16][INFO] [MULTI] a-b1-003+a-b1-004 끝점 감지 시작
[18:12:17][INFO] [Sender] 전송 성공 | event:entry_quick zone:a-b1-003
[18:12:18][INFO] [MULTI-ZONE] CONFIRMED: a-b1-003+a-b1-004 (2.5s 정지)
[18:12:19][INFO] [Sender] 전송 성공 | event:entry_quick zone:a-b1-004
[18:12:19][INFO] [MULTI] a-b1-003+a-b1-004 끝점 감지 시작
[18:12:20][INFO] [Sender] 전송 성공 | event:entry_quick zone:a-b1-003
[18:12:21][INFO] [MULTI-ZONE] CONFIRMED: a-b1-003+a-b1-004 (2.5s 정지)
[18:12:22][INFO] [Sender] 전송 성공 | event:entry_quick zone:a-b1-004
[18:12:22][INFO] [MULTI] a-b1-003+a-b1-004 끝점 감지 시작
[18:12:23][INFO] [Sender] 전송 성공 | event:entry_quick zone:a-b1-003
[18:12:24][INFO] [MULTI-ZONE] CONFIRMED: a-b1-003+a-b1-004 (2.5s 정지)
[18:12:24][INFO] [Sender] 전송 성공 | event:entry_quick zone:a-b1-004
[18:12:25][INFO] [MULTI] a-b1-003+a-b1-004 끝점 감지 시작
[18:12:26][INFO] [Sender] 전송 성공 | event:entry_quick zone:a-b1-003
[18:12:27][INFO] [Sender] 전송 성공 | event:entry_quick zone:a-b1-004
[18:12:27][INFO] [MULTI-ZONE] CONFIRMED: a-b1-003+a-b1-004 (2.5s 정지)
[18:12:29][INFO] [MULTI] a-b1-003+a-b1-004 끝점 감지 시작
[18:12:29][INFO] [Sender] 전송 성공 | event:entry_quick zone:a-b1-003
[18:12:30][INFO] [Sender] 전송 성공 | event:entry_quick zone:a-b1-004
[18:12:30][INFO] [MULTI-ZONE] CONFIRMED: a-b1-003+a-b1-004 (2.5s 정지)
[18:12:32][INFO] [MULTI] a-b1-003+a-b1-004 끝점 감지 시작
[18:12:32][INFO] [Sender] 전송 성공 | event:entry_quick zone:a-b1-003
[18:12:33][INFO] [Sender] 전송 성공 | event:entry_quick zone:a-b1-004
[18:12:33][INFO] [MULTI-ZONE] CONFIRMED: a-b1-003+a-b1-004 (2.5s 정지)
[18:12:35][INFO] [MULTI] a-b1-003+a-b1-004 끝점 감지 시작
[18:12:35][INFO] [Sender] 전송 성공 | event:entry_quick zone:a-b1-003
[18:12:36][INFO] [Sender] 전송 성공 | event:entry_quick zone:a-b1-004
[18:12:37][INFO] [MULTI-ZONE] CONFIRMED: a-b1-003+a-b1-004 (2.5s 정지)
[18:12:38][INFO] [MULTI] a-b1-003+a-b1-004 끝점 감지 시작
[18:12:38][INFO] [Sender] 전송 성공 | event:entry_quick zone:a-b1-003
[18:12:40][INFO] [MULTI-ZONE] CONFIRMED: a-b1-003+a-b1-004 (2.5s 정지)
[18:12:40][INFO] [Sender] 전송 성공 | event:entry_quick zone:a-b1-004
[18:12:41][INFO] [MULTI] a-b1-003+a-b1-004 끝점 감지 시작
[18:12:43][INFO] [Sender] 전송 성공 | event:entry_quick zone:a-b1-003
[18:12:43][INFO] [MULTI-ZONE] CONFIRMED: a-b1-003+a-b1-004 (2.5s 정지)
[18:12:44][INFO] [MULTI] a-b1-003+a-b1-004 끝점 감지 시작
[18:12:44][INFO] [Sender] 전송 성공 | event:entry_quick zone:a-b1-004
[18:12:46][INFO] [Sender] 전송 성공 | event:entry_quick zone:a-b1-003
[18:12:46][INFO] [MULTI-ZONE] CONFIRMED: a-b1-003+a-b1-004 (2.4s 정지)
[18:12:47][INFO] [MULTI] a-b1-003+a-b1-004 끝점 감지 시작
[18:12:47][INFO] [Sender] 전송 성공 | event:entry_quick zone:a-b1-004
[18:12:49][INFO] [Sender] 전송 성공 | event:entry_quick zone:a-b1-003
[18:12:49][INFO] [MULTI-ZONE] CONFIRMED: a-b1-003+a-b1-004 (2.5s 정지)
[18:12:50][INFO] [MULTI] a-b1-003+a-b1-004 끝점 감지 시작
[18:12:50][INFO] [Sender] 전송 성공 | event:entry_quick zone:a-b1-004
[18:12:52][INFO] [MULTI-ZONE] CONFIRMED: a-b1-003+a-b1-004 (2.5s 정지)
[18:12:52][INFO] [Sender] 전송 성공 | event:entry_quick zone:a-b1-003
[18:12:53][INFO] [MULTI] a-b1-003+a-b1-004 끝점 감지 시작
[18:12:54][INFO] [Sender] 전송 성공 | event:entry_quick zone:a-b1-004
[18:12:55][INFO] [MULTI-ZONE] CONFIRMED: a-b1-003+a-b1-004 (2.5s 정지)
[18:12:56][INFO] [Sender] 전송 성공 | event:entry_quick zone:a-b1-003
[18:12:56][INFO] [MULTI] a-b1-003+a-b1-004 끝점 감지 시작
[18:12:57][INFO] [Sender] 전송 성공 | event:entry_quick zone:a-b1-004
[18:12:58][INFO] [MULTI-ZONE] CONFIRMED: a-b1-003+a-b1-004 (2.4s 정지)
[18:12:59][INFO] [Sender] 전송 성공 | event:entry_quick zone:a-b1-003
[18:12:59][INFO] [MULTI] a-b1-003+a-b1-004 끝점 감지 시작
[18:13:01][INFO] [Sender] 전송 성공 | event:entry_quick zone:a-b1-004
[18:13:01][INFO] [MULTI-ZONE] CONFIRMED: a-b1-003+a-b1-004 (2.5s 정지)
[18:13:02][INFO] [Sender] 전송 성공 | event:entry_quick zone:a-b1-003
[18:13:03][INFO] [MULTI] a-b1-003+a-b1-004 끝점 감지 시작
[18:13:04][INFO] [Sender] 전송 성공 | event:entry_quick zone:a-b1-004
[18:13:04][INFO] [MULTI-ZONE] CONFIRMED: a-b1-003+a-b1-004 (2.5s 정지)
[18:13:06][INFO] [Sender] 전송 성공 | event:entry_quick zone:a-b1-003
[18:13:06][INFO] [MULTI] a-b1-003+a-b1-004 끝점 감지 시작
[18:13:07][INFO] [Sender] 전송 성공 | event:entry_quick zone:a-b1-004
[18:13:07][INFO] [MULTI-ZONE] CONFIRMED: a-b1-003+a-b1-004 (2.5s 정지)
[18:13:09][INFO] [MULTI] a-b1-003+a-b1-004 끝점 감지 시작
[18:13:09][INFO] [Sender] 전송 성공 | event:entry_quick zone:a-b1-003
[18:13:10][INFO] [Sender] 전송 성공 | event:entry_quick zone:a-b1-004
[18:13:11][INFO] [MULTI-ZONE] CONFIRMED: a-b1-003+a-b1-004 (2.4s 정지)
[18:13:12][INFO] [Sender] 전송 성공 | event:entry_quick zone:a-b1-003
[18:13:12][INFO] [MULTI] a-b1-003+a-b1-004 끝점 감지 시작
[18:13:13][INFO] [Sender] 전송 성공 | event:entry_quick zone:a-b1-004
[18:13:14][INFO] [MULTI-ZONE] CONFIRMED: a-b1-003+a-b1-004 (2.5s 정지)
[18:13:15][INFO] [Sender] 전송 성공 | event:entry_quick zone:a-b1-003
[18:13:15][INFO] [MULTI] a-b1-003+a-b1-004 끝점 감지 시작
[18:13:16][INFO] [Sender] 전송 성공 | event:entry_quick zone:a-b1-004
[18:13:17][INFO] [MULTI-ZONE] CONFIRMED: a-b1-003+a-b1-004 (2.5s 정지)
[18:13:18][INFO] [Sender] 전송 성공 | event:entry_quick zone:a-b1-003
[18:13:18][INFO] [MULTI] a-b1-003+a-b1-004 끝점 감지 시작
[18:13:19][INFO] [Sender] 전송 성공 | event:entry_quick zone:a-b1-004
[18:13:20][INFO] [MULTI-ZONE] CONFIRMED: a-b1-003+a-b1-004 (2.5s 정지)
[18:13:20][INFO] [Sender] 전송 성공 | event:entry_quick zone:a-b1-003
[18:13:21][INFO] [MULTI] a-b1-003+a-b1-004 끝점 감지 시작
[18:13:22][INFO] [Sender] 전송 성공 | event:entry_quick zone:a-b1-004
[18:13:23][INFO] [MULTI-ZONE] CONFIRMED: a-b1-003+a-b1-004 (2.5s 정지)
[18:13:23][INFO] [Sender] 전송 성공 | event:entry_quick zone:a-b1-003
[18:13:24][INFO] [MULTI] a-b1-003+a-b1-004 끝점 감지 시작
[18:13:25][INFO] [Sender] 전송 성공 | event:entry_quick zone:a-b1-004
[18:13:26][INFO] [MULTI-ZONE] CONFIRMED: a-b1-003+a-b1-004 (2.5s 정지)
[18:13:26][INFO] [Sender] 전송 성공 | event:entry_quick zone:a-b1-003
[18:13:27][INFO] [MULTI] a-b1-003+a-b1-004 끝점 감지 시작
[18:13:28][INFO] [Sender] 전송 성공 | event:entry_quick zone:a-b1-004
[18:13:29][INFO] [Sender] 전송 성공 | event:entry_quick zone:a-b1-003
[18:13:29][INFO] [MULTI-ZONE] CONFIRMED: a-b1-003+a-b1-004 (2.5s 정지)
[18:13:30][INFO] [Sender] 전송 성공 | event:entry_quick zone:a-b1-004
[18:13:30][INFO] [MULTI] a-b1-003+a-b1-004 끝점 감지 시작
[18:13:32][INFO] [Sender] 전송 성공 | event:entry_quick zone:a-b1-003
[18:13:32][INFO] [MULTI-ZONE] CONFIRMED: a-b1-003+a-b1-004 (2.5s 정지)
[18:13:33][INFO] [Sender] 전송 성공 | event:entry_quick zone:a-b1-004
[18:13:34][INFO] [MULTI] a-b1-003+a-b1-004 끝점 감지 시작
[18:13:35][INFO] [Sender] 전송 성공 | event:entry_quick zone:a-b1-003
[18:13:35][INFO] [MULTI-ZONE] CONFIRMED: a-b1-003+a-b1-004 (2.5s 정지)
[18:13:37][INFO] [Sender] 전송 성공 | event:entry_quick zone:a-b1-004
[18:13:37][INFO] [MULTI] a-b1-003+a-b1-004 끝점 감지 시작
[18:13:38][INFO] [Sender] 전송 성공 | event:entry_quick zone:a-b1-003
[18:13:39][INFO] [MULTI-ZONE] CONFIRMED: a-b1-003+a-b1-004 (2.6s 정지)
[18:13:40][INFO] [MULTI] a-b1-003+a-b1-004 끝점 감지 시작
[18:13:40][INFO] [Sender] 전송 성공 | event:entry_quick zone:a-b1-004
[18:13:41][INFO] [Sender] 전송 성공 | event:entry_quick zone:a-b1-003
[18:13:42][INFO] [MULTI-ZONE] CONFIRMED: a-b1-003+a-b1-004 (2.5s 정지)
[18:13:43][INFO] [MULTI] a-b1-003+a-b1-004 끝점 감지 시작
[18:13:43][INFO] [Sender] 전송 성공 | event:entry_quick zone:a-b1-004
[18:13:45][INFO] [Sender] 전송 성공 | event:entry_quick zone:a-b1-003
[18:13:45][INFO] [MULTI-ZONE] CONFIRMED: a-b1-003+a-b1-004 (2.5s 정지)
[18:13:46][INFO] [MULTI] a-b1-003+a-b1-004 끝점 감지 시작
[18:13:47][INFO] [Sender] 전송 성공 | event:entry_quick zone:a-b1-004
[18:13:48][INFO] [MULTI-ZONE] CONFIRMED: a-b1-003+a-b1-004 (2.5s 정지)
[18:13:48][INFO] [Sender] 전송 성공 | event:entry_quick zone:a-b1-003
[18:13:49][INFO] [MULTI] a-b1-003+a-b1-004 끝점 감지 시작
[18:13:50][INFO] [Sender] 전송 성공 | event:entry_quick zone:a-b1-004
[18:13:51][INFO] [MULTI-ZONE] CONFIRMED: a-b1-003+a-b1-004 (2.6s 정지)
[18:13:52][INFO] [Sender] 전송 성공 | event:entry_quick zone:a-b1-003
[18:13:52][INFO] [MULTI] a-b1-003+a-b1-004 끝점 감지 시작
[18:13:53][INFO] [Sender] 전송 성공 | event:entry_quick zone:a-b1-004
[18:13:54][INFO] [MULTI-ZONE] CONFIRMED: a-b1-003+a-b1-004 (2.5s 정지)
[18:13:55][INFO] [Sender] 전송 성공 | event:entry_quick zone:a-b1-003
[18:13:55][INFO] [MULTI] a-b1-003+a-b1-004 끝점 감지 시작
[18:13:57][INFO] [Sender] 전송 성공 | event:entry_quick zone:a-b1-004
[18:13:57][INFO] [MULTI-ZONE] CONFIRMED: a-b1-003+a-b1-004 (2.5s 정지)
[18:13:58][INFO] [Sender] 전송 성공 | event:entry_quick zone:a-b1-003
[18:13:59][INFO] [MULTI] a-b1-003+a-b1-004 끝점 감지 시작
[18:14:00][INFO] [Sender] 전송 성공 | event:entry_quick zone:a-b1-004
[18:14:00][INFO] [MULTI-ZONE] CONFIRMED: a-b1-003+a-b1-004 (2.5s 정지)
[18:14:01][INFO] [Sender] 전송 성공 | event:entry_quick zone:a-b1-003
[18:14:02][INFO] [MULTI] a-b1-003+a-b1-004 끝점 감지 시작
[18:14:03][INFO] [Sender] 전송 성공 | event:entry_quick zone:a-b1-004
[18:14:04][INFO] [MULTI-ZONE] CONFIRMED: a-b1-003+a-b1-004 (2.5s 정지)
[18:14:05][INFO] [Sender] 전송 성공 | event:entry_quick zone:a-b1-003
[18:14:05][INFO] [MULTI] a-b1-003+a-b1-004 끝점 감지 시작
[18:14:06][INFO] [Sender] 전송 성공 | event:entry_quick zone:a-b1-004
[18:14:07][INFO] [MULTI-ZONE] CONFIRMED: a-b1-003+a-b1-004 (2.5s 정지)
[18:14:08][INFO] [Sender] 전송 성공 | event:entry_quick zone:a-b1-003
[18:14:08][INFO] [MULTI] a-b1-003+a-b1-004 끝점 감지 시작
[18:14:09][INFO] [Sender] 전송 성공 | event:entry_quick zone:a-b1-004
[18:14:10][INFO] [MULTI-ZONE] CONFIRMED: a-b1-003+a-b1-004 (2.5s 정지)
[18:14:11][INFO] [Sender] 전송 성공 | event:entry_quick zone:a-b1-003
[18:14:11][INFO] [MULTI] a-b1-003+a-b1-004 끝점 감지 시작
[18:14:13][INFO] [Sender] 전송 성공 | event:entry_quick zone:a-b1-004
[18:14:13][INFO] [MULTI-ZONE] CONFIRMED: a-b1-003+a-b1-004 (2.5s 정지)
[18:14:14][INFO] [MULTI] a-b1-003+a-b1-004 끝점 감지 시작
[18:14:15][INFO] [Sender] 전송 성공 | event:entry_quick zone:a-b1-003
[18:14:16][INFO] [MULTI-ZONE] CONFIRMED: a-b1-003+a-b1-004 (2.5s 정지)
[18:14:16][INFO] [Sender] 전송 성공 | event:entry_quick zone:a-b1-004
[18:14:17][INFO] [MULTI] a-b1-003+a-b1-004 끝점 감지 시작
[18:14:18][INFO] [Sender] 전송 성공 | event:entry_quick zone:a-b1-003
[18:14:19][INFO] [MULTI-ZONE] CONFIRMED: a-b1-003+a-b1-004 (2.5s 정지)
[18:14:19][INFO] [Sender] 전송 성공 | event:entry_quick zone:a-b1-004
[18:14:20][INFO] [MULTI] a-b1-003+a-b1-004 끝점 감지 시작
[18:14:22][INFO] [Sender] 전송 성공 | event:entry_quick zone:a-b1-003
[18:14:22][INFO] [MULTI-ZONE] CONFIRMED: a-b1-003+a-b1-004 (2.5s 정지)
[18:14:24][INFO] [MULTI] a-b1-003+a-b1-004 끝점 감지 시작
[18:14:24][INFO] [Sender] 전송 성공 | event:entry_quick zone:a-b1-004
[18:14:25][INFO] [Sender] 전송 성공 | event:entry_quick zone:a-b1-003
[18:14:25][INFO] [MULTI-ZONE] CONFIRMED: a-b1-003+a-b1-004 (2.5s 정지)
[18:14:27][INFO] [MULTI] a-b1-003+a-b1-004 끝점 감지 시작
[18:14:27][INFO] [Sender] 전송 성공 | event:entry_quick zone:a-b1-004
[18:14:28][INFO] [Sender] 전송 성공 | event:entry_quick zone:a-b1-003
[18:14:29][INFO] [MULTI-ZONE] CONFIRMED: a-b1-003+a-b1-004 (2.5s 정지)
[18:14:30][INFO] [MULTI] a-b1-003+a-b1-004 끝점 감지 시작
[18:14:30][INFO] [Sender] 전송 성공 | event:entry_quick zone:a-b1-004
[18:14:32][INFO] [Sender] 전송 성공 | event:entry_quick zone:a-b1-003
[18:14:32][INFO] [MULTI-ZONE] CONFIRMED: a-b1-003+a-b1-004 (2.5s 정지)
[18:14:33][INFO] [MULTI] a-b1-003+a-b1-004 끝점 감지 시작
[18:14:33][INFO] [Sender] 전송 성공 | event:entry_quick zone:a-b1-004
[18:14:35][INFO] [Sender] 전송 성공 | event:entry_quick zone:a-b1-003
[18:14:35][INFO] [MULTI-ZONE] CONFIRMED: a-b1-003+a-b1-004 (2.5s 정지)
[18:14:36][INFO] [MULTI] a-b1-003+a-b1-004 끝점 감지 시작
[18:14:36][INFO] [Sender] 전송 성공 | event:entry_quick zone:a-b1-004
[18:14:38][INFO] [Sender] 전송 성공 | event:entry_quick zone:a-b1-003
[18:14:38][INFO] [MULTI-ZONE] CONFIRMED: a-b1-003+a-b1-004 (2.5s 정지)
[18:14:39][INFO] [MULTI] a-b1-003+a-b1-004 끝점 감지 시작
[18:14:39][INFO] [Sender] 전송 성공 | event:entry_quick zone:a-b1-004
[18:14:41][INFO] [Sender] 전송 성공 | event:entry_quick zone:a-b1-003
[18:14:41][INFO] [MULTI-ZONE] CONFIRMED: a-b1-003+a-b1-004 (2.5s 정지)
[18:14:42][INFO] [MULTI] a-b1-003+a-b1-004 끝점 감지 시작
[18:14:43][INFO] [Sender] 전송 성공 | event:entry_quick zone:a-b1-004
[18:14:44][INFO] [Sender] 전송 성공 | event:entry_quick zone:a-b1-003
[18:14:44][INFO] [MULTI-ZONE] CONFIRMED: a-b1-003+a-b1-004 (2.5s 정지)
[18:14:45][INFO] [MULTI] a-b1-003+a-b1-004 끝점 감지 시작
[18:14:46][INFO] [Sender] 전송 성공 | event:entry_quick zone:a-b1-004
[18:14:47][INFO] [Sender] 전송 성공 | event:entry_quick zone:a-b1-003
[18:14:47][INFO] [MULTI-ZONE] CONFIRMED: a-b1-003+a-b1-004 (2.5s 정지)
[18:14:48][INFO] [Sender] 전송 성공 | event:entry_quick zone:a-b1-004
[18:14:49][INFO] [MULTI] a-b1-003+a-b1-004 끝점 감지 시작
[18:14:50][INFO] [Sender] 전송 성공 | event:entry_quick zone:a-b1-003
[18:14:50][INFO] [MULTI-ZONE] CONFIRMED: a-b1-003+a-b1-004 (2.5s 정지)
[18:14:51][INFO] [Sender] 전송 성공 | event:entry_quick zone:a-b1-004
[18:14:52][INFO] [MULTI] a-b1-003+a-b1-004 끝점 감지 시작
[18:14:53][INFO] [Sender] 전송 성공 | event:entry_quick zone:a-b1-003
[18:14:54][INFO] [MULTI-ZONE] CONFIRMED: a-b1-003+a-b1-004 (2.5s 정지)
[18:14:54][INFO] [Sender] 전송 성공 | event:entry_quick zone:a-b1-004
[18:14:55][INFO] [MULTI] a-b1-003+a-b1-004 끝점 감지 시작
[18:14:56][INFO] [Sender] 전송 성공 | event:entry_quick zone:a-b1-003
[18:14:57][INFO] [MULTI-ZONE] CONFIRMED: a-b1-003+a-b1-004 (2.5s 정지)
[18:14:58][INFO] [MULTI] a-b1-003+a-b1-004 끝점 감지 시작
[18:14:58][INFO] [Sender] 전송 성공 | event:entry_quick zone:a-b1-004
[18:15:00][INFO] [Sender] 전송 성공 | event:entry_quick zone:a-b1-003
[18:15:00][INFO] [MULTI-ZONE] CONFIRMED: a-b1-003+a-b1-004 (2.5s 정지)
[18:15:01][INFO] [Sender] 전송 성공 | event:entry_quick zone:a-b1-004
[18:15:01][INFO] [MULTI] a-b1-003+a-b1-004 끝점 감지 시작
[18:15:02][INFO] [Sender] 전송 성공 | event:entry_quick zone:a-b1-003
[18:15:03][INFO] [MULTI-ZONE] CONFIRMED: a-b1-003+a-b1-004 (2.5s 정지)
[18:15:04][INFO] [Sender] 전송 성공 | event:entry_quick zone:a-b1-004
[18:15:04][INFO] [MULTI] a-b1-003+a-b1-004 끝점 감지 시작
[18:15:05][INFO] [Sender] 전송 성공 | event:entry_quick zone:a-b1-003
[18:15:06][INFO] [MULTI-ZONE] CONFIRMED: a-b1-003+a-b1-004 (2.5s 정지)
[18:15:07][INFO] [Sender] 전송 성공 | event:entry_quick zone:a-b1-004
[18:15:07][INFO] [MULTI] a-b1-003+a-b1-004 끝점 감지 시작
[18:15:08][INFO] [Sender] 전송 성공 | event:entry_quick zone:a-b1-003
[18:15:09][INFO] [MULTI-ZONE] CONFIRMED: a-b1-003+a-b1-004 (2.5s 정지)
[18:15:10][INFO] [Sender] 전송 성공 | event:entry_quick zone:a-b1-004
[18:15:11][INFO] [MULTI] a-b1-003+a-b1-004 끝점 감지 시작
[18:15:11][INFO] [Sender] 전송 성공 | event:entry_quick zone:a-b1-003
[18:15:12][INFO] [MULTI-ZONE] CONFIRMED: a-b1-003+a-b1-004 (2.5s 정지)
[18:15:13][INFO] [Sender] 전송 성공 | event:entry_quick zone:a-b1-004
[18:15:14][INFO] [MULTI] a-b1-003+a-b1-004 끝점 감지 시작
[18:15:14][INFO] [Sender] 전송 성공 | event:entry_quick zone:a-b1-003
[18:15:16][INFO] [MULTI-ZONE] CONFIRMED: a-b1-003+a-b1-004 (2.5s 정지)
[18:15:16][INFO] [Sender] 전송 성공 | event:entry_quick zone:a-b1-004
[18:15:17][INFO] [MULTI] a-b1-003+a-b1-004 끝점 감지 시작
[18:15:18][INFO] [Sender] 전송 성공 | event:entry_quick zone:a-b1-003
[18:15:19][INFO] [MULTI-ZONE] CONFIRMED: a-b1-003+a-b1-004 (2.5s 정지)
[18:15:19][INFO] [Sender] 전송 성공 | event:entry_quick zone:a-b1-004
[18:15:20][INFO] [MULTI] a-b1-003+a-b1-004 끝점 감지 시작
[18:15:21][INFO] [Sender] 전송 성공 | event:entry_quick zone:a-b1-003
[18:15:22][INFO] [MULTI-ZONE] CONFIRMED: a-b1-003+a-b1-004 (2.5s 정지)
[18:15:23][INFO] [Sender] 전송 성공 | event:entry_quick zone:a-b1-004
[18:15:23][INFO] [MULTI] a-b1-003+a-b1-004 끝점 감지 시작
[18:15:24][INFO] [Sender] 전송 성공 | event:entry_quick zone:a-b1-003
[18:15:25][INFO] [MULTI-ZONE] CONFIRMED: a-b1-003+a-b1-004 (2.5s 정지)
[18:15:25][INFO] [Sender] 전송 성공 | event:entry_quick zone:a-b1-004
[18:15:26][INFO] [MULTI] a-b1-003+a-b1-004 끝점 감지 시작
[18:15:27][INFO] [Sender] 전송 성공 | event:entry_quick zone:a-b1-003
[18:15:28][INFO] [MULTI-ZONE] CONFIRMED: a-b1-003+a-b1-004 (2.5s 정지)
[18:15:28][INFO] [Sender] 전송 성공 | event:entry_quick zone:a-b1-004
[18:15:29][INFO] [MULTI] a-b1-003+a-b1-004 끝점 감지 시작
[18:15:31][INFO] [MULTI-ZONE] CONFIRMED: a-b1-003+a-b1-004 (2.5s 정지)
[18:15:32][INFO] [Sender] 전송 성공 | event:entry_quick zone:a-b1-003
[18:15:32][INFO] [MULTI] a-b1-003+a-b1-004 끝점 감지 시작
[18:15:33][INFO] [Sender] 전송 성공 | event:entry_quick zone:a-b1-004
[18:15:34][INFO] [MULTI-ZONE] CONFIRMED: a-b1-003+a-b1-004 (2.5s 정지)
[18:15:35][INFO] [Sender] 전송 성공 | event:entry_quick zone:a-b1-003
[18:15:35][INFO] [MULTI] a-b1-003+a-b1-004 끝점 감지 시작
[18:15:36][INFO] [Sender] 전송 성공 | event:entry_quick zone:a-b1-004
[18:15:37][INFO] [MULTI-ZONE] CONFIRMED: a-b1-003+a-b1-004 (2.5s 정지)
[18:15:38][INFO] [Sender] 전송 성공 | event:entry_quick zone:a-b1-003
[18:15:39][INFO] [MULTI] a-b1-003+a-b1-004 끝점 감지 시작
[18:15:39][INFO] [Sender] 전송 성공 | event:entry_quick zone:a-b1-004
[18:15:41][INFO] [MULTI-ZONE] CONFIRMED: a-b1-003+a-b1-004 (2.5s 정지)
[18:15:41][INFO] [Sender] 전송 성공 | event:entry_quick zone:a-b1-003
[18:15:42][INFO] [MULTI] a-b1-003+a-b1-004 끝점 감지 시작
[18:15:42][INFO] [Sender] 전송 성공 | event:entry_quick zone:a-b1-004
[18:15:44][INFO] [MULTI-ZONE] CONFIRMED: a-b1-003+a-b1-004 (2.5s 정지)
[18:15:44][INFO] [Sender] 전송 성공 | event:entry_quick zone:a-b1-003
[18:15:45][INFO] [MULTI] a-b1-003+a-b1-004 끝점 감지 시작
[18:15:46][INFO] [Sender] 전송 성공 | event:entry_quick zone:a-b1-004
[18:15:47][INFO] [MULTI-ZONE] CONFIRMED: a-b1-003+a-b1-004 (2.5s 정지)
[18:15:47][INFO] [Sender] 전송 성공 | event:entry_quick zone:a-b1-003
[18:15:48][INFO] [MULTI] a-b1-003+a-b1-004 끝점 감지 시작
[18:15:49][INFO] [Sender] 전송 성공 | event:entry_quick zone:a-b1-004
[18:15:50][INFO] [MULTI-ZONE] CONFIRMED: a-b1-003+a-b1-004 (2.5s 정지)
[18:15:51][INFO] [Sender] 전송 성공 | event:entry_quick zone:a-b1-003
[18:15:51][INFO] [MULTI] a-b1-003+a-b1-004 끝점 감지 시작
[18:15:52][INFO] [Sender] 전송 성공 | event:entry_quick zone:a-b1-004
[18:15:53][INFO] [MULTI-ZONE] CONFIRMED: a-b1-003+a-b1-004 (2.5s 정지)
[18:15:54][INFO] [Sender] 전송 성공 | event:entry_quick zone:a-b1-003
[18:15:54][INFO] [MULTI] a-b1-003+a-b1-004 끝점 감지 시작
[18:15:55][INFO] [Sender] 전송 성공 | event:entry_quick zone:a-b1-004
[18:15:56][INFO] [MULTI-ZONE] CONFIRMED: a-b1-003+a-b1-004 (2.5s 정지)
[18:15:57][INFO] [Sender] 전송 성공 | event:entry_quick zone:a-b1-003
[18:15:57][INFO] [MULTI] a-b1-003+a-b1-004 끝점 감지 시작
[18:15:59][INFO] [Sender] 전송 성공 | event:entry_quick zone:a-b1-004
[18:15:59][INFO] [MULTI-ZONE] CONFIRMED: a-b1-003+a-b1-004 (2.5s 정지)
[18:16:00][INFO] [Sender] 전송 성공 | event:entry_quick zone:a-b1-003
[18:16:00][INFO] [MULTI] a-b1-003+a-b1-004 끝점 감지 시작
[18:16:02][INFO] [Sender] 전송 성공 | event:entry_quick zone:a-b1-004
[18:16:02][INFO] [MULTI-ZONE] CONFIRMED: a-b1-003+a-b1-004 (2.5s 정지)
[18:16:03][INFO] [Sender] 전송 성공 | event:entry_quick zone:a-b1-003
[18:16:04][INFO] [MULTI] a-b1-003+a-b1-004 끝점 감지 시작
[18:16:05][INFO] [Sender] 전송 성공 | event:entry_quick zone:a-b1-004
[18:16:05][INFO] [MULTI-ZONE] CONFIRMED: a-b1-003+a-b1-004 (2.5s 정지)
[18:16:07][INFO] [Sender] 전송 성공 | event:entry_quick zone:a-b1-003
[18:16:07][INFO] [MULTI] a-b1-003+a-b1-004 끝점 감지 시작
[18:16:08][INFO] [Sender] 전송 성공 | event:entry_quick zone:a-b1-004
[18:16:09][INFO] [MULTI-ZONE] CONFIRMED: a-b1-003+a-b1-004 (2.5s 정지)
[18:16:10][INFO] [Sender] 전송 성공 | event:entry_quick zone:a-b1-003
[18:16:10][INFO] [MULTI] a-b1-003+a-b1-004 끝점 감지 시작
[18:16:11][INFO] [Sender] 전송 성공 | event:entry_quick zone:a-b1-004
[18:16:12][INFO] [MULTI-ZONE] CONFIRMED: a-b1-003+a-b1-004 (2.5s 정지)
[18:16:13][INFO] [Sender] 전송 성공 | event:entry_quick zone:a-b1-003
[18:16:13][INFO] [MULTI] a-b1-003+a-b1-004 끝점 감지 시작
[18:16:15][INFO] [Sender] 전송 성공 | event:entry_quick zone:a-b1-004
[18:16:15][INFO] [MULTI-ZONE] CONFIRMED: a-b1-003+a-b1-004 (2.5s 정지)
[18:16:16][INFO] [MULTI] a-b1-003+a-b1-004 끝점 감지 시작
[18:16:16][INFO] [Sender] 전송 성공 | event:entry_quick zone:a-b1-003
[18:16:18][INFO] [Sender] 전송 성공 | event:entry_quick zone:a-b1-004
[18:16:18][INFO] [MULTI-ZONE] CONFIRMED: a-b1-003+a-b1-004 (2.5s 정지)
[18:16:19][INFO] [MULTI] a-b1-003+a-b1-004 끝점 감지 시작
[18:16:19][INFO] [Sender] 전송 성공 | event:entry_quick zone:a-b1-003
[18:16:21][INFO] [Sender] 전송 성공 | event:entry_quick zone:a-b1-004
[18:16:21][INFO] [MULTI-ZONE] CONFIRMED: a-b1-003+a-b1-004 (2.5s 정지)
[18:16:22][INFO] [MULTI] a-b1-003+a-b1-004 끝점 감지 시작
[18:16:22][INFO] [Sender] 전송 성공 | event:entry_quick zone:a-b1-003
[18:16:24][INFO] [Sender] 전송 성공 | event:entry_quick zone:a-b1-004
[18:16:24][INFO] [MULTI-ZONE] CONFIRMED: a-b1-003+a-b1-004 (2.5s 정지)
[18:16:25][INFO] [MULTI] a-b1-003+a-b1-004 끝점 감지 시작
[18:16:25][INFO] [Sender] 전송 성공 | event:entry_quick zone:a-b1-003
[18:16:27][INFO] [Sender] 전송 성공 | event:entry_quick zone:a-b1-004
[18:16:27][INFO] [MULTI-ZONE] CONFIRMED: a-b1-003+a-b1-004 (2.5s 정지)
[18:16:29][INFO] [Sender] 전송 성공 | event:entry_quick zone:a-b1-003
[18:16:29][INFO] [MULTI] a-b1-003+a-b1-004 끝점 감지 시작
[18:16:30][INFO] [Sender] 전송 성공 | event:entry_quick zone:a-b1-004
[18:16:30][INFO] [MULTI-ZONE] CONFIRMED: a-b1-003+a-b1-004 (2.5s 정지)
[18:16:32][INFO] [Sender] 전송 성공 | event:entry_quick zone:a-b1-003
[18:16:32][INFO] [MULTI] a-b1-003+a-b1-004 끝점 감지 시작
[18:16:33][INFO] [Sender] 전송 성공 | event:entry_quick zone:a-b1-004
[18:16:34][INFO] [MULTI-ZONE] CONFIRMED: a-b1-003+a-b1-004 (2.5s 정지)
[18:16:35][INFO] [MULTI] a-b1-003+a-b1-004 끝점 감지 시작
[18:16:35][INFO] [Sender] 전송 성공 | event:entry_quick zone:a-b1-003
[18:16:36][INFO] [Sender] 전송 성공 | event:entry_quick zone:a-b1-004
[18:16:37][INFO] [MULTI-ZONE] CONFIRMED: a-b1-003+a-b1-004 (2.5s 정지)
[18:16:38][INFO] [MULTI] a-b1-003+a-b1-004 끝점 감지 시작
[18:16:38][INFO] [Sender] 전송 성공 | event:entry_quick zone:a-b1-003
[18:16:39][INFO] [Sender] 전송 성공 | event:entry_quick zone:a-b1-004
[18:16:40][INFO] [MULTI-ZONE] CONFIRMED: a-b1-003+a-b1-004 (2.5s 정지)
[18:16:41][INFO] [Sender] 전송 성공 | event:entry_quick zone:a-b1-003
[18:16:41][INFO] [MULTI] a-b1-003+a-b1-004 끝점 감지 시작
[18:16:42][INFO] [Sender] 전송 성공 | event:entry_quick zone:a-b1-004
[18:16:43][INFO] [MULTI-ZONE] CONFIRMED: a-b1-003+a-b1-004 (2.5s 정지)
[18:16:44][INFO] [Sender] 전송 성공 | event:entry_quick zone:a-b1-003
[18:16:44][INFO] [MULTI] a-b1-003+a-b1-004 끝점 감지 시작
[18:16:45][INFO] [Sender] 전송 성공 | event:entry_quick zone:a-b1-004
[18:16:46][INFO] [MULTI-ZONE] CONFIRMED: a-b1-003+a-b1-004 (2.5s 정지)
[18:16:47][INFO] [Sender] 전송 성공 | event:entry_quick zone:a-b1-003
[18:16:47][INFO] [MULTI] a-b1-003+a-b1-004 끝점 감지 시작
[18:16:48][INFO] [Sender] 전송 성공 | event:entry_quick zone:a-b1-004
[18:16:49][INFO] [Sender] 전송 성공 | event:entry_quick zone:a-b1-003
[18:16:51][INFO] [Sender] 전송 성공 | event:entry_quick zone:a-b1-004
[18:16:52][INFO] [Sender] 전송 성공 | event:entry_quick zone:a-b1-003
[18:16:54][INFO] [Sender] 전송 성공 | event:entry_quick zone:a-b1-004
[18:16:59][INFO] [EVENT] {'type': 'exit', 'zone': 'a-b1-003', 'plate': None, 'plate_status': 'pending', 'entry_time': 1781083006.6428413, 'park_status': 'multi_zone', 'linked_zone': 'a-b1-004', 'timestamp': 1781083019.539303}
[18:16:59][WARNING] [EXIT] a-b1-003 OCR 완료 전 출차 → entry null 전송
[18:16:59][INFO] [EXIT] a-b1-003 plate=None
[18:16:59][INFO] [EXIT] linked a-b1-004 동시 출차 처리
[18:17:01][WARNING] [Sender] 서버 응답 오류: 404 → 재전송 큐 저장
[18:17:01][WARNING] [Sender] 큐 저장 (1건)
[18:17:06][INFO] [Sender] 전송 성공 | event:exit zone:a-b1-004
[18:17:16][INFO] [Sender] 전송 성공 | event:entry zone:a-b1-003
[18:17:53][INFO] [MULTI] a-b1-005+a-b1-006 끝점 감지 시작
[18:17:54][INFO] [MULTI-ZONE] CONFIRMED: a-b1-005+a-b1-006 (1.9s 정지)
[18:17:54][INFO] [MULTI OCR] a-b1-005 OCR Queue 제출
[18:17:54][INFO] [MULTI OCR] a-b1-006 OCR Queue 제출
[18:17:56][INFO] [MULTI] a-b1-005+a-b1-006 끝점 감지 시작
[18:17:57][INFO] [Sender] 미전송 1건 재전송 완료
[18:18:03][INFO] [Sender] 전송 성공 | event:entry_quick zone:a-b1-005
[18:18:04][INFO] [Sender] 전송 성공 | event:entry_quick zone:a-b1-006
[18:18:22][INFO] [OCR Worker] a-b1-005 완료: UNREADABLE (unreadable)
[18:18:22][WARNING] [OCR ERROR] a-b1-005 번호판 인식 불가 (unreadable) → 알림 전송 예정
[18:18:22][WARNING] [UNREADABLE] a-b1-005 번호판 인식 불가
[18:18:22][INFO] [OCR Worker] a-b1-006 완료: UNREADABLE (unreadable)
[18:18:22][WARNING] [OCR ERROR] a-b1-006 번호판 인식 불가 (unreadable) → 알림 전송 예정
[18:18:22][WARNING] [UNREADABLE] a-b1-006 번호판 인식 불가
[18:18:25][INFO] [Sender] 전송 성공 | event:entry zone:a-b1-005
[18:18:27][INFO] [Sender] 전송 성공 | event:entry zone:a-b1-006
[18:18:36][INFO] [MULTI] a-b1-005+a-b1-006 끝점 감지 시작
[18:18:38][INFO] [MULTI-ZONE] CONFIRMED: a-b1-005+a-b1-006 (2.4s 정지)
[18:18:39][INFO] [MULTI] a-b1-005+a-b1-006 끝점 감지 시작
[18:18:39][INFO] [Sender] 전송 성공 | event:entry_quick zone:a-b1-005
[18:18:41][INFO] [Sender] 전송 성공 | event:entry_quick zone:a-b1-006
[18:18:41][INFO] [MULTI-ZONE] CONFIRMED: a-b1-005+a-b1-006 (2.5s 정지)
[18:18:42][INFO] [Sender] 전송 성공 | event:entry_quick zone:a-b1-005
[18:18:44][INFO] [Sender] 전송 성공 | event:entry_quick zone:a-b1-006
[18:18:48][INFO] [EVENT] {'type': 'exit', 'zone': 'a-b1-006', 'plate': None, 'plate_status': 'pending', 'entry_time': 1781083121.253613, 'park_status': 'multi_zone', 'linked_zone': 'a-b1-005', 'timestamp': 1781083128.757517}
[18:18:48][WARNING] [EXIT] a-b1-006 OCR 완료 전 출차 → entry null 전송
[18:18:48][INFO] [EXIT] a-b1-006 plate=None
[18:18:48][INFO] [EXIT] linked a-b1-005 동시 출차 처리
[18:18:52][INFO] [Sender] 전송 성공 | event:exit zone:a-b1-006
[18:18:56][INFO] [Sender] 전송 성공 | event:exit zone:a-b1-005
[18:19:01][INFO] [MULTI] a-b1-005+a-b1-006 끝점 감지 시작
[18:19:02][INFO] [MULTI-ZONE] CONFIRMED: a-b1-005+a-b1-006 (1.8s 정지)
[18:19:02][INFO] [MULTI OCR] a-b1-005 OCR Queue 제출
[18:19:02][INFO] [OCR Worker] a-b1-005 완료: UNREADABLE (unreadable)
[18:19:02][WARNING] [OCR ERROR] a-b1-005 번호판 인식 불가 (unreadable) → 알림 전송 예정
[18:19:02][WARNING] [UNREADABLE] a-b1-005 번호판 인식 불가
[18:19:02][INFO] [MULTI OCR] a-b1-006 OCR Queue 제출
[18:19:02][INFO] [OCR Worker] a-b1-006 완료: UNREADABLE (unreadable)
[18:19:02][WARNING] [OCR ERROR] a-b1-006 번호판 인식 불가 (unreadable) → 알림 전송 예정
[18:19:02][WARNING] [UNREADABLE] a-b1-006 번호판 인식 불가
[18:19:03][INFO] [MULTI] a-b1-005+a-b1-006 끝점 감지 시작
[18:19:05][INFO] [Sender] 전송 성공 | event:entry zone:a-b1-006
[18:19:05][INFO] [MULTI-ZONE] CONFIRMED: a-b1-005+a-b1-006 (2.4s 정지)
[18:19:06][INFO] [Sender] 전송 성공 | event:entry_quick zone:a-b1-005
[18:19:06][INFO] [MULTI] a-b1-005+a-b1-006 끝점 감지 시작
[18:19:08][INFO] [Sender] 전송 성공 | event:entry_quick zone:a-b1-006
[18:19:08][INFO] [MULTI-ZONE] CONFIRMED: a-b1-005+a-b1-006 (2.5s 정지)
[18:19:09][INFO] [MULTI] a-b1-005+a-b1-006 끝점 감지 시작
[18:19:10][INFO] [Sender] 전송 성공 | event:entry zone:a-b1-005
[18:19:11][INFO] [MULTI-ZONE] CONFIRMED: a-b1-005+a-b1-006 (2.4s 정지)
[18:19:12][INFO] [Sender] 전송 성공 | event:entry zone:a-b1-006
[18:19:14][INFO] [Sender] 전송 성공 | event:entry_quick zone:a-b1-005
[18:19:15][INFO] [Sender] 전송 성공 | event:entry_quick zone:a-b1-006
[18:19:17][INFO] [Sender] 전송 성공 | event:entry_quick zone:a-b1-005
[18:19:19][INFO] [Sender] 전송 성공 | event:entry_quick zone:a-b1-006
[18:19:19][INFO] [MULTI] a-b1-005+a-b1-006 끝점 감지 시작
[18:19:19][INFO] [EVENT] {'type': 'exit', 'zone': 'a-b1-006', 'plate': None, 'plate_status': 'pending', 'entry_time': 1781083151.5826952, 'park_status': 'multi_zone', 'linked_zone': 'a-b1-005', 'timestamp': 1781083159.5846815}
[18:19:19][WARNING] [EXIT] a-b1-006 OCR 완료 전 출차 → entry null 전송
[18:19:19][INFO] [EXIT] a-b1-006 plate=None
[18:19:19][INFO] [EXIT] linked a-b1-005 동시 출차 처리
[18:19:20][INFO] [Sender] 전송 성공 | event:entry_quick zone:a-b1-005
[18:19:20][INFO] [MULTI-ZONE] CONFIRMED: a-b1-005+a-b1-006 (1.8s 정지)
[18:19:20][INFO] [MULTI OCR] a-b1-005 OCR Queue 제출
[18:19:20][INFO] [OCR Worker] a-b1-005 완료: UNREADABLE (unreadable)
[18:19:20][WARNING] [OCR ERROR] a-b1-005 번호판 인식 불가 (unreadable) → 알림 전송 예정
[18:19:20][WARNING] [UNREADABLE] a-b1-005 번호판 인식 불가
[18:19:20][INFO] [MULTI OCR] a-b1-006 OCR Queue 제출
[18:19:20][INFO] [OCR Worker] a-b1-006 완료: UNREADABLE (unreadable)
[18:19:20][WARNING] [OCR ERROR] a-b1-006 번호판 인식 불가 (unreadable) → 알림 전송 예정
[18:19:20][WARNING] [UNREADABLE] a-b1-006 번호판 인식 불가
[18:19:22][INFO] [MULTI] a-b1-005+a-b1-006 끝점 감지 시작
[18:19:23][INFO] [MULTI-ZONE] CONFIRMED: a-b1-005+a-b1-006 (2.4s 정지)
[18:19:23][INFO] [Sender] 전송 성공 | event:exit zone:a-b1-006
[18:19:26][WARNING] [Sender] 서버 응답 오류: 404 → 재전송 큐 저장
[18:19:26][WARNING] [Sender] 큐 저장 (1건)
[18:19:31][INFO] [EVENT] {'type': 'exit', 'zone': 'a-b1-006', 'plate': None, 'plate_status': 'pending', 'entry_time': 1781083163.8772225, 'park_status': 'multi_zone', 'linked_zone': 'a-b1-005', 'timestamp': 1781083171.9439273}
[18:19:31][WARNING] [EXIT] a-b1-006 OCR 완료 전 출차 → entry null 전송
[18:19:31][INFO] [EXIT] a-b1-006 plate=None
[18:19:31][INFO] [EXIT] linked a-b1-005 동시 출차 처리
[18:19:33][INFO] [Sender] 전송 성공 | event:entry_quick zone:a-b1-006
[18:19:38][INFO] [MULTI] a-b1-005+a-b1-006 끝점 감지 시작
[18:19:38][INFO] [Sender] 전송 성공 | event:exit zone:a-b1-006
[18:19:39][INFO] [MULTI-ZONE] CONFIRMED: a-b1-005+a-b1-006 (1.9s 정지)
[18:19:39][INFO] [MULTI OCR] a-b1-005 OCR Queue 제출
[18:19:39][INFO] [MULTI OCR] a-b1-006 OCR Queue 제출
[18:19:41][INFO] [MULTI] a-b1-005+a-b1-006 끝점 감지 시작
[18:19:41][WARNING] [Sender] 서버 응답 오류: 404 → 재전송 큐 저장
[18:19:41][WARNING] [Sender] 큐 저장 (2건)
[18:19:44][INFO] [MULTI-ZONE] CONFIRMED: a-b1-005+a-b1-006 (4.4s 정지)
[18:19:53][INFO] [Sender] 전송 성공 | event:entry zone:a-b1-006
[18:19:54][INFO] [EVENT] {'type': 'exit', 'zone': 'a-b1-006', 'plate': None, 'plate_status': 'pending', 'entry_time': 1781083184.7968633, 'park_status': 'multi_zone', 'linked_zone': 'a-b1-005', 'timestamp': 1781083194.7416046}
[18:19:54][WARNING] [EXIT] a-b1-006 OCR 완료 전 출차 → entry null 전송
[18:19:54][INFO] [EXIT] a-b1-006 plate=None
[18:19:54][INFO] [EXIT] linked a-b1-005 동시 출차 처리
[18:19:58][INFO] [Sender] 전송 성공 | event:entry_quick zone:a-b1-005
[18:20:03][WARNING] [Sender] 서버 응답 오류: 404 → 재전송 큐 저장
[18:20:03][WARNING] [Sender] 큐 저장 (3건)
[18:20:07][INFO] [OCR Worker] a-b1-005 완료: 24261 (pending)
[18:20:07][INFO] [OCR Worker] a-b1-006 완료: 24261 (pending)
[18:20:09][INFO] [MULTI] a-b1-005+a-b1-006 끝점 감지 시작
[18:20:10][INFO] [MULTI-ZONE] CONFIRMED: a-b1-005+a-b1-006 (1.8s 정지)
[18:20:10][INFO] [MULTI OCR] a-b1-005 OCR Queue 제출
[18:20:10][INFO] [MULTI OCR] a-b1-006 OCR Queue 제출
[18:20:10][WARNING] [Sender] 서버 응답 오류: 404 → 재전송 큐 저장
[18:20:10][WARNING] [Sender] 큐 저장 (4건)
[18:20:12][INFO] [MULTI] a-b1-005+a-b1-006 끝점 감지 시작
[18:20:15][INFO] [MULTI-ZONE] CONFIRMED: a-b1-005+a-b1-006 (4.4s 정지)
[18:20:22][INFO] [Sender] 전송 성공 | event:entry_quick zone:a-b1-006
[18:20:25][INFO] [EVENT] {'type': 'exit', 'zone': 'a-b1-006', 'plate': None, 'plate_status': 'pending', 'entry_time': 1781083215.8558812, 'park_status': 'multi_zone', 'linked_zone': 'a-b1-005', 'timestamp': 1781083225.7927587}
[18:20:25][WARNING] [EXIT] a-b1-006 OCR 완료 전 출차 → entry null 전송
[18:20:25][INFO] [EXIT] a-b1-006 plate=None
[18:20:25][INFO] [EXIT] linked a-b1-005 동시 출차 처리
[18:20:30][INFO] [Sender] 미전송 1건 재전송 완료
[18:20:38][INFO] [OCR Worker] a-b1-005 완료: UNREADABLE (pending)
[18:20:38][INFO] [OCR Worker] a-b1-006 완료: UNREADABLE (pending)
[18:20:39][INFO] [Sender] 전송 성공 | event:entry zone:a-b1-005
[18:20:40][INFO] [MULTI] a-b1-005+a-b1-006 끝점 감지 시작
[18:20:41][INFO] [MULTI-ZONE] CONFIRMED: a-b1-005+a-b1-006 (1.8s 정지)
[18:20:41][INFO] [MULTI OCR] a-b1-005 OCR Queue 제출
[18:20:41][INFO] [OCR Worker] a-b1-005 완료: UNREADABLE (unreadable)
[18:20:41][WARNING] [OCR ERROR] a-b1-005 번호판 인식 불가 (unreadable) → 알림 전송 예정
[18:20:41][WARNING] [UNREADABLE] a-b1-005 번호판 인식 불가
[18:20:41][INFO] [MULTI OCR] a-b1-006 OCR Queue 제출
[18:20:41][INFO] [OCR Worker] a-b1-006 완료: UNREADABLE (unreadable)
[18:20:41][WARNING] [OCR ERROR] a-b1-006 번호판 인식 불가 (unreadable) → 알림 전송 예정
[18:20:41][WARNING] [UNREADABLE] a-b1-006 번호판 인식 불가
[18:20:42][INFO] [MULTI] a-b1-005+a-b1-006 끝점 감지 시작
[18:20:44][INFO] [MULTI-ZONE] CONFIRMED: a-b1-005+a-b1-006 (2.4s 정지)
[18:20:46][INFO] [Sender] 미전송 1건 재전송 완료
[18:20:48][WARNING] [Sender] 서버 응답 오류: 404 → 재전송 큐 저장
[18:20:48][WARNING] [Sender] 큐 저장 (3건)
[18:20:52][INFO] [EVENT] {'type': 'exit', 'zone': 'a-b1-006', 'plate': None, 'plate_status': 'pending', 'entry_time': 1781083244.4143374, 'park_status': 'multi_zone', 'linked_zone': 'a-b1-005', 'timestamp': 1781083252.4816687}
[18:20:52][WARNING] [EXIT] a-b1-006 OCR 완료 전 출차 → entry null 전송
[18:20:52][INFO] [EXIT] a-b1-006 plate=None
[18:20:52][INFO] [EXIT] linked a-b1-005 동시 출차 처리
[18:20:55][WARNING] [Sender] 서버 응답 오류: 404 → 재전송 큐 저장
[18:20:55][WARNING] [Sender] 큐 저장 (4건)
[18:21:03][WARNING] [Sender] 서버 응답 오류: 404 → 재전송 큐 저장
[18:21:03][WARNING] [Sender] 큐 저장 (5건)
[18:21:13][WARNING] [Sender] 서버 응답 오류: 404 → 재전송 큐 저장
[18:21:13][WARNING] [Sender] 큐 저장 (6건)
[18:21:31][INFO] [Sender] 전송 성공 | event:entry zone:a-b1-006
[18:21:43][INFO] [Sender] 미전송 1건 재전송 완료
[18:21:47][INFO] [EVENT] {'type': 'entry', 'zone': 'a-b1-005', 'plate': None, 'plate_status': 'pending', 'entry_time': 1781083307.0897193, 'park_status': 'normal', 'timestamp': 1781083307.0897193}
[18:21:47][INFO] [ENTRY QUICK] a-b1-005 PARKED 상태 먼저 전송
[18:21:47][INFO] [ENTRY] a-b1-005 OCR Queue 제출 (대기: 1)
[18:21:47][INFO] [MULTI] a-b1-005+a-b1-006 끝점 감지 시작
[18:21:48][INFO] [Sender] 전송 성공 | event:entry_quick zone:a-b1-005
[18:21:49][INFO] [MULTI-ZONE] CONFIRMED: a-b1-005+a-b1-006 (2.4s 정지)
[18:21:49][INFO] [MULTI OCR] a-b1-006 OCR Queue 제출
[18:21:51][INFO] [MULTI] a-b1-005+a-b1-006 끝점 감지 시작
[18:21:54][INFO] [MULTI-ZONE] CONFIRMED: a-b1-005+a-b1-006 (4.3s 정지)
[18:21:57][INFO] [MULTI] a-b1-005+a-b1-006 끝점 감지 시작
[18:21:58][INFO] [Sender] 미전송 1건 재전송 완료
[18:22:00][INFO] [MULTI-ZONE] CONFIRMED: a-b1-005+a-b1-006 (4.5s 정지)
[18:22:02][INFO] [MULTI] a-b1-005+a-b1-006 끝점 감지 시작
[18:22:04][INFO] [Sender] 전송 성공 | event:entry_quick zone:a-b1-006
[18:22:06][INFO] [MULTI-ZONE] CONFIRMED: a-b1-005+a-b1-006 (4.4s 정지)
[18:22:08][INFO] [MULTI] a-b1-005+a-b1-006 끝점 감지 시작
[18:22:11][INFO] [MULTI-ZONE] CONFIRMED: a-b1-005+a-b1-006 (4.4s 정지)
[18:22:13][INFO] [MULTI] a-b1-005+a-b1-006 끝점 감지 시작
[18:22:13][INFO] [Sender] 미전송 1건 재전송 완료
[18:22:14][INFO] [OCR Worker] a-b1-005 완료: UNREADABLE (unreadable)
[18:22:14][INFO] [Snapshot] a-b1-005 OCR 실패 → base64 스냅샷 생성
[18:22:14][WARNING] [OCR ERROR] a-b1-005 번호판 인식 불가 (unreadable) → 알림 전송 예정
[18:22:14][WARNING] [UNREADABLE] a-b1-005 번호판 인식 불가
[18:22:16][INFO] [MULTI-ZONE] CONFIRMED: a-b1-005+a-b1-006 (3.8s 정지)
[18:22:17][INFO] [OCR Worker] a-b1-006 완료: UNREADABLE (unreadable)
[18:22:17][WARNING] [OCR ERROR] a-b1-006 번호판 인식 불가 (unreadable) → 알림 전송 예정
[18:22:17][WARNING] [UNREADABLE] a-b1-006 번호판 인식 불가
[18:22:17][INFO] [MULTI] a-b1-005+a-b1-006 끝점 감지 시작
[18:22:19][INFO] [MULTI-ZONE] CONFIRMED: a-b1-005+a-b1-006 (2.5s 정지)
[18:22:21][INFO] [MULTI] a-b1-005+a-b1-006 끝점 감지 시작
[18:22:22][INFO] [Sender] 전송 성공 | event:entry zone:a-b1-006
[18:22:22][INFO] [MULTI-ZONE] CONFIRMED: a-b1-005+a-b1-006 (2.5s 정지)
[18:22:28][INFO] [Sender] 전송 성공 | event:entry_quick zone:a-b1-005
[18:22:30][INFO] [EVENT] {'type': 'exit', 'zone': 'a-b1-006', 'plate': None, 'plate_status': 'pending', 'entry_time': 1781083342.874253, 'park_status': 'multi_zone', 'linked_zone': 'a-b1-005', 'timestamp': 1781083350.9579847}
[18:22:30][WARNING] [EXIT] a-b1-006 OCR 완료 전 출차 → entry null 전송
[18:22:30][INFO] [EXIT] a-b1-006 plate=None
[18:22:30][INFO] [EXIT] linked a-b1-005 동시 출차 처리
[18:22:35][INFO] [Sender] 전송 성공 | event:entry_quick zone:a-b1-006
[18:22:37][INFO] [MULTI] a-b1-005+a-b1-006 끝점 감지 시작
[18:22:38][INFO] [MULTI-ZONE] CONFIRMED: a-b1-005+a-b1-006 (1.9s 정지)
[18:22:38][INFO] [MULTI OCR] a-b1-005 OCR Queue 제출
[18:22:38][INFO] [OCR Worker] a-b1-005 완료: UNREADABLE (unreadable)
[18:22:38][WARNING] [OCR ERROR] a-b1-005 번호판 인식 불가 (unreadable) → 알림 전송 예정
[18:22:38][WARNING] [UNREADABLE] a-b1-005 번호판 인식 불가
[18:22:38][INFO] [MULTI OCR] a-b1-006 OCR Queue 제출
[18:22:38][INFO] [OCR Worker] a-b1-006 완료: UNREADABLE (unreadable)
[18:22:38][WARNING] [OCR ERROR] a-b1-006 번호판 인식 불가 (unreadable) → 알림 전송 예정
[18:22:38][WARNING] [UNREADABLE] a-b1-006 번호판 인식 불가
[18:22:39][INFO] [MULTI] a-b1-005+a-b1-006 끝점 감지 시작
[18:22:41][INFO] [MULTI-ZONE] CONFIRMED: a-b1-005+a-b1-006 (2.5s 정지)
[18:22:45][INFO] [Sender] 전송 성공 | event:exit zone:a-b1-006
[18:22:49][INFO] [EVENT] {'type': 'exit', 'zone': 'a-b1-006', 'plate': None, 'plate_status': 'pending', 'entry_time': 1781083361.5216527, 'park_status': 'multi_zone', 'linked_zone': 'a-b1-005', 'timestamp': 1781083369.105919}
[18:22:49][WARNING] [EXIT] a-b1-006 OCR 완료 전 출차 → entry null 전송
[18:22:49][INFO] [EXIT] a-b1-006 plate=None
[18:22:49][INFO] [EXIT] linked a-b1-005 동시 출차 처리
[18:22:51][WARNING] [Sender] 서버 응답 오류: 404 → 재전송 큐 저장
[18:22:51][WARNING] [Sender] 큐 저장 (4건)
[18:22:55][INFO] [MULTI] a-b1-005+a-b1-006 끝점 감지 시작
[18:22:57][INFO] [MULTI-ZONE] CONFIRMED: a-b1-005+a-b1-006 (1.9s 정지)
[18:22:57][INFO] [MULTI OCR] a-b1-005 OCR Queue 제출
[18:22:57][INFO] [OCR Worker] a-b1-005 완료: UNREADABLE (unreadable)
[18:22:57][WARNING] [OCR ERROR] a-b1-005 번호판 인식 불가 (unreadable) → 알림 전송 예정
[18:22:57][WARNING] [UNREADABLE] a-b1-005 번호판 인식 불가
[18:22:57][INFO] [MULTI OCR] a-b1-006 OCR Queue 제출
[18:22:57][INFO] [OCR Worker] a-b1-006 완료: UNREADABLE (unreadable)
[18:22:57][WARNING] [OCR ERROR] a-b1-006 번호판 인식 불가 (unreadable) → 알림 전송 예정
[18:22:57][ERROR] [OCR Worker] a-b1-006 오류: 
[18:22:58][INFO] [MULTI] a-b1-005+a-b1-006 끝점 감지 시작
[18:23:01][WARNING] [Sender] 서버 응답 오류: 404 → 재전송 큐 저장
[18:23:01][WARNING] [Sender] 큐 저장 (5건)
[18:23:11][WARNING] [Sender] 서버 응답 오류: 404 → 재전송 큐 저장
[18:23:11][WARNING] [Sender] 큐 저장 (6건)
[18:23:27][INFO] [Sender] 전송 성공 | event:entry_quick zone:a-b1-005
[18:23:40][INFO] [Sender] 미전송 1건 재전송 완료
[18:23:45][INFO] [Sender] 전송 성공 | event:entry_quick zone:a-b1-006
[18:23:45][INFO] Quit
[18:23:45][INFO] [Workers] 종료 대기 중...
[18:23:46][INFO] [OCR Worker] 종료
[18:23:46][INFO] [OCR Worker] 종료
[18:23:51][INFO] System stopped
[18:23:57][INFO] ==================================================
[18:23:57][INFO] Smart Parking System Start
[18:23:57][INFO] ==================================================
[18:24:03][INFO] [Sender] 초기화 | 서버: http://172.20.10.5:8000/api/event
[18:24:03][INFO] [Sender] 미전송 5건 복구
[18:24:03][INFO] Mapping loaded | zones: ['a-b1-001', 'a-b1-002', 'a-b1-003', 'a-b1-004', 'a-b1-005', 'a-b1-006', 'a-b1-007', 'a-b1-008', 'a-b1-009']
[18:24:08][INFO] [Camera] C920 자동 포커스 설정 완료
[18:24:08][INFO] [OCR Worker] 시작
[18:24:08][INFO] [OCR Worker] 시작
[18:24:08][INFO] [Send Worker] 시작
[18:24:08][INFO] [Workers] OCR x2, Send x1 시작
[18:24:08][INFO] Camera started | M: mapping  Q/ESC: quit
[18:24:10][INFO] [PixelCheck] 빈 구역 스냅샷 초기화 완료
[18:24:17][INFO] [EVENT] {'type': 'exit', 'zone': 'a-b1-005', 'plate': None, 'plate_status': 'unreadable', 'entry_time': 1781083377.2231967, 'park_status': 'multi_zone', 'linked_zone': 'a-b1-006', 'timestamp': 1781083457.7170177}
[18:24:17][INFO] [EXIT] a-b1-005 plate=None
[18:24:17][INFO] [EXIT] linked a-b1-006 동시 출차 처리
[18:24:27][WARNING] [Sender] 서버 응답 오류: 404 → 재전송 큐 저장
[18:24:27][WARNING] [Sender] 큐 저장 (6건)
[18:24:39][WARNING] [Sender] 서버 응답 오류: 404 → 재전송 큐 저장
[18:24:39][WARNING] [Sender] 큐 저장 (7건)
[18:33:50][INFO] [EVENT] {'type': 'entry', 'zone': 'a-b1-002', 'plate': None, 'plate_status': 'pending', 'entry_time': 1781084030.405604, 'park_status': 'normal', 'timestamp': 1781084030.405604}
[18:33:50][INFO] [ENTRY QUICK] a-b1-002 PARKED 상태 먼저 전송
[18:33:50][INFO] [ENTRY] a-b1-002 OCR Queue 제출 (대기: 1)
[18:34:05][INFO] [Sender] 전송 성공 | event:entry_quick zone:a-b1-002
[18:34:21][INFO] [OCR Worker] a-b1-002 완료: 37나5209 (confirmed)
[18:34:23][INFO] [MULTI] a-b1-002+a-b1-001 끝점 감지 시작
[18:34:24][INFO] [MULTI-ZONE] CONFIRMED: a-b1-002+a-b1-001 (1.9s 정지)
[18:34:24][INFO] [MULTI OCR] a-b1-001 OCR Queue 제출
[18:34:25][INFO] [MULTI] a-b1-002+a-b1-001 끝점 감지 시작
[18:34:28][INFO] [MULTI-ZONE] CONFIRMED: a-b1-002+a-b1-001 (3.1s 정지)
[18:34:29][INFO] [MULTI] a-b1-002+a-b1-001 끝점 감지 시작
[18:34:32][INFO] [MULTI-ZONE] CONFIRMED: a-b1-002+a-b1-001 (3.2s 정지)
[18:34:33][INFO] [MULTI] a-b1-002+a-b1-001 끝점 감지 시작
[18:34:36][INFO] [MULTI-ZONE] CONFIRMED: a-b1-002+a-b1-001 (3.2s 정지)
[18:34:37][INFO] [MULTI] a-b1-002+a-b1-001 끝점 감지 시작
[18:34:39][INFO] [Sender] 전송 성공 | event:entry zone:a-b1-002
[18:34:40][INFO] [MULTI-ZONE] CONFIRMED: a-b1-002+a-b1-001 (3.2s 정지)
[18:34:41][INFO] [MULTI] a-b1-002+a-b1-001 끝점 감지 시작
[18:34:44][INFO] [MULTI-ZONE] CONFIRMED: a-b1-002+a-b1-001 (3.2s 정지)
[18:34:45][INFO] [MULTI] a-b1-002+a-b1-001 끝점 감지 시작
[18:34:48][INFO] [MULTI-ZONE] CONFIRMED: a-b1-002+a-b1-001 (3.3s 정지)
[18:34:49][INFO] [MULTI] a-b1-002+a-b1-001 끝점 감지 시작
[18:34:51][INFO] [OCR Worker] a-b1-001 완료: 3나5209 (confirmed)
[18:34:51][INFO] [MULTI OCR] a-b1-001 → linked a-b1-002 번호판 3나5209 업데이트
[18:34:52][INFO] [MULTI-ZONE] CONFIRMED: a-b1-002+a-b1-001 (2.9s 정지)
[18:34:53][INFO] [MULTI] a-b1-002+a-b1-001 끝점 감지 시작
[18:34:53][INFO] [Sender] 전송 성공 | event:entry_quick zone:a-b1-002
[18:34:55][INFO] [MULTI-ZONE] CONFIRMED: a-b1-002+a-b1-001 (2.5s 정지)
[18:34:56][INFO] [MULTI] a-b1-002+a-b1-001 끝점 감지 시작
[18:34:58][INFO] [MULTI-ZONE] CONFIRMED: a-b1-002+a-b1-001 (2.5s 정지)
[18:34:59][INFO] [MULTI] a-b1-002+a-b1-001 끝점 감지 시작
[18:35:01][INFO] [MULTI-ZONE] CONFIRMED: a-b1-002+a-b1-001 (2.5s 정지)
[18:35:02][INFO] [MULTI] a-b1-002+a-b1-001 끝점 감지 시작
[18:35:04][INFO] [MULTI-ZONE] CONFIRMED: a-b1-002+a-b1-001 (2.5s 정지)
[18:35:05][INFO] [MULTI] a-b1-002+a-b1-001 끝점 감지 시작
[18:35:06][INFO] [Sender] 전송 성공 | event:entry_quick zone:a-b1-001
[18:35:07][INFO] [MULTI-ZONE] CONFIRMED: a-b1-002+a-b1-001 (2.5s 정지)
[18:35:08][INFO] [MULTI] a-b1-002+a-b1-001 끝점 감지 시작
[18:35:10][INFO] [MULTI-ZONE] CONFIRMED: a-b1-002+a-b1-001 (2.5s 정지)
[18:35:11][INFO] [MULTI] a-b1-002+a-b1-001 끝점 감지 시작
[18:35:13][INFO] [MULTI-ZONE] CONFIRMED: a-b1-002+a-b1-001 (2.5s 정지)
[18:35:15][INFO] [MULTI] a-b1-002+a-b1-001 끝점 감지 시작
[18:35:16][INFO] [MULTI-ZONE] CONFIRMED: a-b1-002+a-b1-001 (2.5s 정지)
[18:35:18][INFO] [MULTI] a-b1-002+a-b1-001 끝점 감지 시작
[18:35:19][INFO] [Sender] 전송 성공 | event:entry_quick zone:a-b1-002
[18:35:19][INFO] [MULTI-ZONE] CONFIRMED: a-b1-002+a-b1-001 (2.5s 정지)
[18:35:21][INFO] [MULTI] a-b1-002+a-b1-001 끝점 감지 시작
[18:35:23][INFO] [MULTI-ZONE] CONFIRMED: a-b1-002+a-b1-001 (2.5s 정지)
[18:35:32][INFO] [Sender] 전송 성공 | event:entry_quick zone:a-b1-001
[18:35:32][INFO] [EVENT] {'type': 'exit', 'zone': 'a-b1-001', 'plate': None, 'plate_status': 'pending', 'entry_time': 1781084123.0566692, 'park_status': 'multi_zone', 'linked_zone': 'a-b1-002', 'timestamp': 1781084132.9384394}
[18:35:32][WARNING] [EXIT] a-b1-001 OCR 완료 전 출차 → entry null 전송
[18:35:32][INFO] [EXIT] a-b1-001 plate=None
[18:35:32][INFO] [EXIT] linked a-b1-002 동시 출차 처리
[18:35:45][INFO] [Sender] 전송 성공 | event:entry_quick zone:a-b1-002
[18:35:59][INFO] [Sender] 전송 성공 | event:exit zone:a-b1-001
[18:36:13][INFO] [Sender] 전송 성공 | event:exit zone:a-b1-002
[18:36:30][INFO] [Sender] 전송 성공 | event:entry_quick zone:a-b1-001
[18:36:48][INFO] [Sender] 전송 성공 | event:entry_quick zone:a-b1-002
[18:36:51][INFO] [MULTI] a-b1-002+a-b1-001 끝점 감지 시작
[18:36:52][INFO] [MULTI-ZONE] CONFIRMED: a-b1-002+a-b1-001 (1.8s 정지)
[18:36:52][INFO] [MULTI OCR] a-b1-002 OCR Queue 제출
[18:36:52][INFO] [MULTI OCR] a-b1-001 OCR Queue 제출
[18:36:54][INFO] [MULTI] a-b1-002+a-b1-001 끝점 감지 시작
[18:37:01][INFO] [Sender] 전송 성공 | event:entry_quick zone:a-b1-001
[18:37:13][INFO] [Sender] 전송 성공 | event:entry_quick zone:a-b1-002
[18:37:26][INFO] [OCR Worker] a-b1-002 완료: 37나5209 (confirmed)
[18:37:26][INFO] [MULTI OCR] a-b1-002 → linked a-b1-001 번호판 37나5209 업데이트
[18:37:26][INFO] [OCR Worker] a-b1-001 완료: 37나5209 (confirmed)
[18:37:26][INFO] [MULTI OCR] a-b1-001 → linked a-b1-002 번호판 37나5209 업데이트
[18:37:27][INFO] [Sender] 전송 성공 | event:entry_quick zone:a-b1-001
[18:37:37][INFO] [MULTI-ZONE] CONFIRMED: a-b1-002+a-b1-001 (43.5s 정지)
[18:37:38][INFO] [MULTI] a-b1-002+a-b1-001 끝점 감지 시작
[18:37:40][INFO] [MULTI-ZONE] CONFIRMED: a-b1-002+a-b1-001 (2.4s 정지)
[18:37:40][INFO] [Sender] 전송 성공 | event:entry_quick zone:a-b1-002
[18:37:41][INFO] [MULTI] a-b1-002+a-b1-001 끝점 감지 시작
[18:37:43][INFO] [MULTI-ZONE] CONFIRMED: a-b1-002+a-b1-001 (2.5s 정지)
[18:37:44][INFO] [MULTI] a-b1-002+a-b1-001 끝점 감지 시작
[18:37:46][INFO] [MULTI-ZONE] CONFIRMED: a-b1-002+a-b1-001 (2.5s 정지)
[18:37:47][INFO] [MULTI] a-b1-002+a-b1-001 끝점 감지 시작
[18:37:49][INFO] [MULTI-ZONE] CONFIRMED: a-b1-002+a-b1-001 (2.5s 정지)
[18:37:50][INFO] [MULTI] a-b1-002+a-b1-001 끝점 감지 시작
[18:37:52][INFO] [MULTI-ZONE] CONFIRMED: a-b1-002+a-b1-001 (2.5s 정지)
[18:37:53][INFO] [Sender] 전송 성공 | event:entry_quick zone:a-b1-001
[18:37:54][INFO] [MULTI] a-b1-002+a-b1-001 끝점 감지 시작
[18:37:55][INFO] [MULTI-ZONE] CONFIRMED: a-b1-002+a-b1-001 (2.5s 정지)
[18:37:57][INFO] [MULTI] a-b1-002+a-b1-001 끝점 감지 시작
[18:37:58][INFO] [MULTI-ZONE] CONFIRMED: a-b1-002+a-b1-001 (2.5s 정지)
[18:38:00][INFO] [MULTI] a-b1-002+a-b1-001 끝점 감지 시작
[18:38:02][INFO] [MULTI-ZONE] CONFIRMED: a-b1-002+a-b1-001 (2.5s 정지)
[18:38:03][INFO] [MULTI] a-b1-002+a-b1-001 끝점 감지 시작
[18:38:05][INFO] [MULTI-ZONE] CONFIRMED: a-b1-002+a-b1-001 (2.5s 정지)
[18:38:06][INFO] [Sender] 전송 성공 | event:entry_quick zone:a-b1-002
[18:38:06][INFO] [MULTI] a-b1-002+a-b1-001 끝점 감지 시작
[18:38:08][INFO] [MULTI-ZONE] CONFIRMED: a-b1-002+a-b1-001 (2.5s 정지)
[18:38:09][INFO] [MULTI] a-b1-002+a-b1-001 끝점 감지 시작
[18:38:11][INFO] [MULTI-ZONE] CONFIRMED: a-b1-002+a-b1-001 (2.5s 정지)
[18:38:12][INFO] [MULTI] a-b1-002+a-b1-001 끝점 감지 시작
[18:38:14][INFO] [MULTI-ZONE] CONFIRMED: a-b1-002+a-b1-001 (2.5s 정지)
[18:38:15][INFO] [MULTI] a-b1-002+a-b1-001 끝점 감지 시작
[18:38:17][INFO] [MULTI-ZONE] CONFIRMED: a-b1-002+a-b1-001 (2.5s 정지)
[18:38:18][INFO] [MULTI] a-b1-002+a-b1-001 끝점 감지 시작
[18:38:20][INFO] [Sender] 전송 성공 | event:entry_quick zone:a-b1-001
[18:38:20][INFO] [MULTI-ZONE] CONFIRMED: a-b1-002+a-b1-001 (2.5s 정지)
[18:38:21][INFO] [MULTI] a-b1-002+a-b1-001 끝점 감지 시작
[18:38:23][INFO] [MULTI-ZONE] CONFIRMED: a-b1-002+a-b1-001 (2.4s 정지)
[18:38:25][INFO] [MULTI] a-b1-002+a-b1-001 끝점 감지 시작
[18:38:26][INFO] [MULTI-ZONE] CONFIRMED: a-b1-002+a-b1-001 (2.5s 정지)
[18:38:28][INFO] [MULTI] a-b1-002+a-b1-001 끝점 감지 시작
[18:38:30][INFO] [MULTI-ZONE] CONFIRMED: a-b1-002+a-b1-001 (2.5s 정지)
[18:38:31][INFO] [MULTI] a-b1-002+a-b1-001 끝점 감지 시작
[18:38:33][INFO] [MULTI-ZONE] CONFIRMED: a-b1-002+a-b1-001 (2.5s 정지)
[18:38:34][INFO] [MULTI] a-b1-002+a-b1-001 끝점 감지 시작
[18:38:36][INFO] [MULTI-ZONE] CONFIRMED: a-b1-002+a-b1-001 (2.5s 정지)
[18:38:36][INFO] [Sender] 전송 성공 | event:entry zone:a-b1-001
[18:38:37][INFO] [MULTI] a-b1-002+a-b1-001 끝점 감지 시작
[18:38:39][INFO] [MULTI-ZONE] CONFIRMED: a-b1-002+a-b1-001 (2.5s 정지)
[18:38:40][INFO] [MULTI] a-b1-002+a-b1-001 끝점 감지 시작
[18:38:42][INFO] [MULTI-ZONE] CONFIRMED: a-b1-002+a-b1-001 (2.5s 정지)
[18:38:43][INFO] [MULTI] a-b1-002+a-b1-001 끝점 감지 시작
[18:38:45][INFO] [MULTI-ZONE] CONFIRMED: a-b1-002+a-b1-001 (2.5s 정지)
[18:38:46][INFO] [MULTI] a-b1-002+a-b1-001 끝점 감지 시작
[18:38:48][INFO] [MULTI-ZONE] CONFIRMED: a-b1-002+a-b1-001 (2.5s 정지)
[18:38:49][INFO] [MULTI] a-b1-002+a-b1-001 끝점 감지 시작
[18:38:51][INFO] [MULTI-ZONE] CONFIRMED: a-b1-002+a-b1-001 (2.5s 정지)
[18:38:52][INFO] [Sender] 전송 성공 | event:entry_quick zone:a-b1-002
[18:38:52][INFO] [MULTI] a-b1-002+a-b1-001 끝점 감지 시작
[18:38:54][INFO] [MULTI-ZONE] CONFIRMED: a-b1-002+a-b1-001 (2.4s 정지)
[18:38:56][INFO] [MULTI] a-b1-002+a-b1-001 끝점 감지 시작
[18:38:57][INFO] [MULTI-ZONE] CONFIRMED: a-b1-002+a-b1-001 (2.5s 정지)
[18:38:59][INFO] [MULTI] a-b1-002+a-b1-001 끝점 감지 시작
[18:39:00][INFO] [MULTI-ZONE] CONFIRMED: a-b1-002+a-b1-001 (2.4s 정지)
[18:39:02][INFO] [MULTI] a-b1-002+a-b1-001 끝점 감지 시작
[18:39:04][INFO] [MULTI-ZONE] CONFIRMED: a-b1-002+a-b1-001 (2.5s 정지)
[18:39:05][INFO] [MULTI] a-b1-002+a-b1-001 끝점 감지 시작
[18:39:06][INFO] [Sender] 전송 성공 | event:entry_quick zone:a-b1-001
[18:39:07][INFO] [MULTI-ZONE] CONFIRMED: a-b1-002+a-b1-001 (2.5s 정지)
[18:39:08][INFO] [MULTI] a-b1-002+a-b1-001 끝점 감지 시작
[18:39:10][INFO] [MULTI-ZONE] CONFIRMED: a-b1-002+a-b1-001 (2.5s 정지)
[18:39:11][INFO] [MULTI] a-b1-002+a-b1-001 끝점 감지 시작
[18:39:13][INFO] [MULTI-ZONE] CONFIRMED: a-b1-002+a-b1-001 (2.4s 정지)
[18:39:14][INFO] [MULTI] a-b1-002+a-b1-001 끝점 감지 시작
[18:39:16][INFO] [MULTI-ZONE] CONFIRMED: a-b1-002+a-b1-001 (2.5s 정지)
[18:39:17][INFO] [MULTI] a-b1-002+a-b1-001 끝점 감지 시작
[18:39:19][INFO] [MULTI-ZONE] CONFIRMED: a-b1-002+a-b1-001 (2.4s 정지)
[18:39:20][INFO] [MULTI] a-b1-002+a-b1-001 끝점 감지 시작
[18:39:21][INFO] [Sender] 전송 성공 | event:entry_quick zone:a-b1-002
[18:39:22][INFO] [MULTI-ZONE] CONFIRMED: a-b1-002+a-b1-001 (2.5s 정지)
[18:39:23][INFO] [MULTI] a-b1-002+a-b1-001 끝점 감지 시작
[18:39:25][INFO] [MULTI-ZONE] CONFIRMED: a-b1-002+a-b1-001 (2.5s 정지)
[18:39:26][INFO] [MULTI] a-b1-002+a-b1-001 끝점 감지 시작
[18:39:28][INFO] [MULTI-ZONE] CONFIRMED: a-b1-002+a-b1-001 (2.5s 정지)
[18:39:29][INFO] [MULTI] a-b1-002+a-b1-001 끝점 감지 시작
[18:39:31][INFO] [MULTI-ZONE] CONFIRMED: a-b1-002+a-b1-001 (2.5s 정지)
[18:39:32][INFO] [MULTI] a-b1-002+a-b1-001 끝점 감지 시작
[18:39:34][INFO] [MULTI-ZONE] CONFIRMED: a-b1-002+a-b1-001 (2.5s 정지)
[18:39:36][INFO] [MULTI] a-b1-002+a-b1-001 끝점 감지 시작
[18:39:37][INFO] [Sender] 전송 성공 | event:entry_quick zone:a-b1-001
[18:39:37][INFO] [MULTI-ZONE] CONFIRMED: a-b1-002+a-b1-001 (2.5s 정지)
[18:39:39][INFO] [MULTI] a-b1-002+a-b1-001 끝점 감지 시작
[18:39:41][INFO] [MULTI-ZONE] CONFIRMED: a-b1-002+a-b1-001 (2.5s 정지)
[18:39:42][INFO] [MULTI] a-b1-002+a-b1-001 끝점 감지 시작
[18:39:44][INFO] [MULTI-ZONE] CONFIRMED: a-b1-002+a-b1-001 (2.5s 정지)
[18:39:45][INFO] [MULTI] a-b1-002+a-b1-001 끝점 감지 시작
[18:39:47][INFO] [MULTI-ZONE] CONFIRMED: a-b1-002+a-b1-001 (2.5s 정지)
[18:39:48][INFO] [MULTI] a-b1-002+a-b1-001 끝점 감지 시작
[18:39:50][INFO] [MULTI-ZONE] CONFIRMED: a-b1-002+a-b1-001 (2.5s 정지)
[18:39:51][INFO] [Sender] 전송 성공 | event:entry_quick zone:a-b1-002
[18:39:51][INFO] [MULTI] a-b1-002+a-b1-001 끝점 감지 시작
[18:39:53][INFO] [MULTI-ZONE] CONFIRMED: a-b1-002+a-b1-001 (2.5s 정지)
[18:39:54][INFO] [MULTI] a-b1-002+a-b1-001 끝점 감지 시작
[18:39:56][INFO] [MULTI-ZONE] CONFIRMED: a-b1-002+a-b1-001 (2.5s 정지)
[18:39:58][INFO] [MULTI] a-b1-002+a-b1-001 끝점 감지 시작
[18:39:59][INFO] [MULTI-ZONE] CONFIRMED: a-b1-002+a-b1-001 (2.5s 정지)
[18:40:01][INFO] [MULTI] a-b1-002+a-b1-001 끝점 감지 시작
[18:40:02][INFO] [MULTI-ZONE] CONFIRMED: a-b1-002+a-b1-001 (2.5s 정지)
[18:40:04][INFO] [MULTI] a-b1-002+a-b1-001 끝점 감지 시작
[18:40:06][INFO] [MULTI-ZONE] CONFIRMED: a-b1-002+a-b1-001 (2.5s 정지)
[18:40:06][INFO] [Sender] 전송 성공 | event:entry_quick zone:a-b1-001
[18:40:07][INFO] [MULTI] a-b1-002+a-b1-001 끝점 감지 시작
[18:40:09][INFO] [MULTI-ZONE] CONFIRMED: a-b1-002+a-b1-001 (2.5s 정지)
[18:40:10][INFO] [MULTI] a-b1-002+a-b1-001 끝점 감지 시작
[18:40:12][INFO] [MULTI-ZONE] CONFIRMED: a-b1-002+a-b1-001 (2.5s 정지)
[18:40:13][INFO] [MULTI] a-b1-002+a-b1-001 끝점 감지 시작
[18:40:15][INFO] [MULTI-ZONE] CONFIRMED: a-b1-002+a-b1-001 (2.5s 정지)
[18:40:16][INFO] [MULTI] a-b1-002+a-b1-001 끝점 감지 시작
[18:40:18][INFO] [MULTI-ZONE] CONFIRMED: a-b1-002+a-b1-001 (2.5s 정지)
[18:40:19][INFO] [MULTI] a-b1-002+a-b1-001 끝점 감지 시작
[18:40:21][INFO] [MULTI-ZONE] CONFIRMED: a-b1-002+a-b1-001 (2.5s 정지)
[18:40:21][INFO] [Sender] 전송 성공 | event:entry_quick zone:a-b1-002
[18:40:22][INFO] [MULTI] a-b1-002+a-b1-001 끝점 감지 시작
[18:40:24][INFO] [MULTI-ZONE] CONFIRMED: a-b1-002+a-b1-001 (2.5s 정지)
[18:40:25][INFO] [MULTI] a-b1-002+a-b1-001 끝점 감지 시작
[18:40:27][INFO] [MULTI-ZONE] CONFIRMED: a-b1-002+a-b1-001 (2.4s 정지)
[18:40:28][INFO] [MULTI] a-b1-002+a-b1-001 끝점 감지 시작
[18:40:30][INFO] [MULTI-ZONE] CONFIRMED: a-b1-002+a-b1-001 (2.5s 정지)
[18:40:31][INFO] [MULTI] a-b1-002+a-b1-001 끝점 감지 시작
[18:40:33][INFO] [MULTI-ZONE] CONFIRMED: a-b1-002+a-b1-001 (2.4s 정지)
[18:40:34][INFO] [MULTI] a-b1-002+a-b1-001 끝점 감지 시작
[18:40:36][INFO] [MULTI-ZONE] CONFIRMED: a-b1-002+a-b1-001 (2.5s 정지)
[18:40:37][INFO] [Sender] 전송 성공 | event:entry_quick zone:a-b1-001
[18:40:38][INFO] [MULTI] a-b1-002+a-b1-001 끝점 감지 시작
[18:40:39][INFO] [MULTI-ZONE] CONFIRMED: a-b1-002+a-b1-001 (2.4s 정지)
[18:40:41][INFO] [MULTI] a-b1-002+a-b1-001 끝점 감지 시작
[18:40:42][INFO] [MULTI-ZONE] CONFIRMED: a-b1-002+a-b1-001 (2.5s 정지)
[18:40:44][INFO] [MULTI] a-b1-002+a-b1-001 끝점 감지 시작
[18:40:46][INFO] [MULTI-ZONE] CONFIRMED: a-b1-002+a-b1-001 (2.4s 정지)
[18:40:47][INFO] [MULTI] a-b1-002+a-b1-001 끝점 감지 시작
[18:40:49][INFO] [MULTI-ZONE] CONFIRMED: a-b1-002+a-b1-001 (2.5s 정지)
[18:40:50][INFO] [MULTI] a-b1-002+a-b1-001 끝점 감지 시작
[18:40:52][INFO] [MULTI-ZONE] CONFIRMED: a-b1-002+a-b1-001 (2.4s 정지)
[18:40:52][INFO] [Sender] 전송 성공 | event:entry_quick zone:a-b1-002
[18:40:53][INFO] [MULTI] a-b1-002+a-b1-001 끝점 감지 시작
[18:40:55][INFO] [MULTI-ZONE] CONFIRMED: a-b1-002+a-b1-001 (2.5s 정지)
[18:40:56][INFO] [MULTI] a-b1-002+a-b1-001 끝점 감지 시작
[18:40:58][INFO] [MULTI-ZONE] CONFIRMED: a-b1-002+a-b1-001 (2.5s 정지)
[18:40:59][INFO] [MULTI] a-b1-002+a-b1-001 끝점 감지 시작
[18:41:01][INFO] [MULTI-ZONE] CONFIRMED: a-b1-002+a-b1-001 (2.5s 정지)
[18:41:02][INFO] [MULTI] a-b1-002+a-b1-001 끝점 감지 시작
[18:41:04][INFO] [MULTI-ZONE] CONFIRMED: a-b1-002+a-b1-001 (2.5s 정지)
[18:41:05][INFO] [MULTI] a-b1-002+a-b1-001 끝점 감지 시작
[18:41:07][INFO] [Sender] 전송 성공 | event:entry_quick zone:a-b1-001
[18:41:07][INFO] [MULTI-ZONE] CONFIRMED: a-b1-002+a-b1-001 (2.5s 정지)
[18:41:08][INFO] [MULTI] a-b1-002+a-b1-001 끝점 감지 시작
[18:41:10][INFO] [MULTI-ZONE] CONFIRMED: a-b1-002+a-b1-001 (2.5s 정지)
[18:41:12][INFO] [MULTI] a-b1-002+a-b1-001 끝점 감지 시작
[18:41:13][INFO] [MULTI-ZONE] CONFIRMED: a-b1-002+a-b1-001 (2.5s 정지)
[18:41:15][INFO] [MULTI] a-b1-002+a-b1-001 끝점 감지 시작
[18:41:17][INFO] [MULTI-ZONE] CONFIRMED: a-b1-002+a-b1-001 (2.4s 정지)
[18:41:18][INFO] [MULTI] a-b1-002+a-b1-001 끝점 감지 시작
[18:41:20][INFO] [MULTI-ZONE] CONFIRMED: a-b1-002+a-b1-001 (2.5s 정지)
[18:41:21][INFO] [MULTI] a-b1-002+a-b1-001 끝점 감지 시작
[18:41:21][INFO] [Sender] 전송 성공 | event:entry_quick zone:a-b1-002
[18:41:23][INFO] [MULTI-ZONE] CONFIRMED: a-b1-002+a-b1-001 (2.4s 정지)
[18:41:24][INFO] [MULTI] a-b1-002+a-b1-001 끝점 감지 시작
[18:41:26][INFO] [MULTI-ZONE] CONFIRMED: a-b1-002+a-b1-001 (2.5s 정지)
[18:41:27][INFO] [MULTI] a-b1-002+a-b1-001 끝점 감지 시작
[18:41:29][INFO] [MULTI-ZONE] CONFIRMED: a-b1-002+a-b1-001 (2.4s 정지)
[18:41:30][INFO] [MULTI] a-b1-002+a-b1-001 끝점 감지 시작
[18:41:32][INFO] [MULTI-ZONE] CONFIRMED: a-b1-002+a-b1-001 (2.5s 정지)
[18:41:33][INFO] [MULTI] a-b1-002+a-b1-001 끝점 감지 시작
[18:41:35][INFO] [Sender] 전송 성공 | event:entry_quick zone:a-b1-001
[18:41:35][INFO] [MULTI-ZONE] CONFIRMED: a-b1-002+a-b1-001 (2.5s 정지)
[18:41:36][INFO] [MULTI] a-b1-002+a-b1-001 끝점 감지 시작
[18:41:38][INFO] [MULTI-ZONE] CONFIRMED: a-b1-002+a-b1-001 (2.5s 정지)
[18:41:39][INFO] [MULTI] a-b1-002+a-b1-001 끝점 감지 시작
[18:41:41][INFO] [MULTI-ZONE] CONFIRMED: a-b1-002+a-b1-001 (2.4s 정지)
[18:41:42][INFO] [MULTI] a-b1-002+a-b1-001 끝점 감지 시작
[18:41:44][INFO] [MULTI-ZONE] CONFIRMED: a-b1-002+a-b1-001 (2.5s 정지)
[18:41:46][INFO] [MULTI] a-b1-002+a-b1-001 끝점 감지 시작
[18:41:47][INFO] [MULTI-ZONE] CONFIRMED: a-b1-002+a-b1-001 (2.5s 정지)
[18:41:48][INFO] [Sender] 전송 성공 | event:entry_quick zone:a-b1-002
[18:41:49][INFO] [MULTI] a-b1-002+a-b1-001 끝점 감지 시작
[18:41:51][INFO] [MULTI-ZONE] CONFIRMED: a-b1-002+a-b1-001 (2.5s 정지)
[18:41:52][INFO] [MULTI] a-b1-002+a-b1-001 끝점 감지 시작
[18:41:54][INFO] [MULTI-ZONE] CONFIRMED: a-b1-002+a-b1-001 (2.5s 정지)
[18:41:55][INFO] [MULTI] a-b1-002+a-b1-001 끝점 감지 시작
[18:41:57][INFO] [MULTI-ZONE] CONFIRMED: a-b1-002+a-b1-001 (2.5s 정지)
[18:41:58][INFO] [MULTI] a-b1-002+a-b1-001 끝점 감지 시작
[18:42:00][INFO] [MULTI-ZONE] CONFIRMED: a-b1-002+a-b1-001 (2.5s 정지)
[18:42:01][INFO] [MULTI] a-b1-002+a-b1-001 끝점 감지 시작
[18:42:02][INFO] [Sender] 전송 성공 | event:entry_quick zone:a-b1-001
[18:42:03][INFO] [MULTI-ZONE] CONFIRMED: a-b1-002+a-b1-001 (2.5s 정지)
[18:42:04][INFO] [MULTI] a-b1-002+a-b1-001 끝점 감지 시작
[18:42:06][INFO] [MULTI-ZONE] CONFIRMED: a-b1-002+a-b1-001 (2.5s 정지)
[18:42:07][INFO] [MULTI] a-b1-002+a-b1-001 끝점 감지 시작
[18:42:09][INFO] [MULTI-ZONE] CONFIRMED: a-b1-002+a-b1-001 (2.5s 정지)
[18:42:11][INFO] [MULTI] a-b1-002+a-b1-001 끝점 감지 시작
[18:42:12][INFO] [MULTI-ZONE] CONFIRMED: a-b1-002+a-b1-001 (2.5s 정지)
[18:42:14][INFO] [MULTI] a-b1-002+a-b1-001 끝점 감지 시작
[18:42:15][INFO] [Sender] 전송 성공 | event:entry_quick zone:a-b1-002
[18:42:16][INFO] [MULTI-ZONE] CONFIRMED: a-b1-002+a-b1-001 (2.5s 정지)
[18:42:17][INFO] [MULTI] a-b1-002+a-b1-001 끝점 감지 시작
[18:42:19][INFO] [MULTI-ZONE] CONFIRMED: a-b1-002+a-b1-001 (2.5s 정지)
[18:42:20][INFO] [MULTI] a-b1-002+a-b1-001 끝점 감지 시작
[18:42:22][INFO] [MULTI-ZONE] CONFIRMED: a-b1-002+a-b1-001 (2.5s 정지)
[18:42:23][INFO] [MULTI] a-b1-002+a-b1-001 끝점 감지 시작
[18:42:25][INFO] [MULTI-ZONE] CONFIRMED: a-b1-002+a-b1-001 (2.4s 정지)
[18:42:26][INFO] [MULTI] a-b1-002+a-b1-001 끝점 감지 시작
[18:42:28][INFO] [MULTI-ZONE] CONFIRMED: a-b1-002+a-b1-001 (2.5s 정지)
[18:42:28][INFO] [Sender] 전송 성공 | event:entry_quick zone:a-b1-001
[18:42:29][INFO] [MULTI] a-b1-002+a-b1-001 끝점 감지 시작
[18:42:31][INFO] [MULTI-ZONE] CONFIRMED: a-b1-002+a-b1-001 (2.5s 정지)
[18:42:33][INFO] [MULTI] a-b1-002+a-b1-001 끝점 감지 시작
[18:42:34][INFO] [MULTI-ZONE] CONFIRMED: a-b1-002+a-b1-001 (2.5s 정지)
[18:42:36][INFO] [MULTI] a-b1-002+a-b1-001 끝점 감지 시작
[18:42:38][INFO] [MULTI-ZONE] CONFIRMED: a-b1-002+a-b1-001 (2.5s 정지)
[18:42:39][INFO] [MULTI] a-b1-002+a-b1-001 끝점 감지 시작
[18:42:41][INFO] [MULTI-ZONE] CONFIRMED: a-b1-002+a-b1-001 (2.5s 정지)
[18:42:42][INFO] [MULTI] a-b1-002+a-b1-001 끝점 감지 시작
[18:42:44][INFO] [MULTI-ZONE] CONFIRMED: a-b1-002+a-b1-001 (2.5s 정지)
[18:42:45][INFO] [MULTI] a-b1-002+a-b1-001 끝점 감지 시작
[18:42:47][INFO] [MULTI-ZONE] CONFIRMED: a-b1-002+a-b1-001 (2.5s 정지)
[18:42:47][ERROR] [Sender] 전송 실패: HTTPConnectionPool(host='172.20.10.5', port=8000): Max retries exceeded with url: /api/event (Caused by ConnectTimeoutError(<HTTPConnection(host='172.20.10.5', port=8000) at 0x7ffeaf3e0f30>, 'Connection to 172.20.10.5 timed out. (connect timeout=15)'))
[18:42:47][WARNING] [Sender] 큐 저장 (8건)
[18:42:48][INFO] [MULTI] a-b1-002+a-b1-001 끝점 감지 시작
[18:42:50][INFO] [MULTI-ZONE] CONFIRMED: a-b1-002+a-b1-001 (2.5s 정지)
[18:42:51][INFO] [MULTI] a-b1-002+a-b1-001 끝점 감지 시작
[18:42:53][INFO] [MULTI-ZONE] CONFIRMED: a-b1-002+a-b1-001 (2.5s 정지)
[18:42:54][INFO] [MULTI] a-b1-002+a-b1-001 끝점 감지 시작
[18:42:56][INFO] [MULTI-ZONE] CONFIRMED: a-b1-002+a-b1-001 (2.4s 정지)
[18:42:57][INFO] [MULTI] a-b1-002+a-b1-001 끝점 감지 시작
[18:42:59][INFO] [MULTI-ZONE] CONFIRMED: a-b1-002+a-b1-001 (2.5s 정지)
[18:43:01][INFO] [MULTI] a-b1-002+a-b1-001 끝점 감지 시작
[18:43:02][INFO] [MULTI-ZONE] CONFIRMED: a-b1-002+a-b1-001 (2.5s 정지)
[18:43:04][INFO] [MULTI] a-b1-002+a-b1-001 끝점 감지 시작
[18:43:06][INFO] [MULTI-ZONE] CONFIRMED: a-b1-002+a-b1-001 (2.5s 정지)
[18:43:07][INFO] [MULTI] a-b1-002+a-b1-001 끝점 감지 시작
[18:43:09][INFO] [MULTI-ZONE] CONFIRMED: a-b1-002+a-b1-001 (2.4s 정지)
[18:43:10][INFO] [MULTI] a-b1-002+a-b1-001 끝점 감지 시작
[18:43:12][INFO] [MULTI-ZONE] CONFIRMED: a-b1-002+a-b1-001 (2.5s 정지)
[18:43:13][INFO] [MULTI] a-b1-002+a-b1-001 끝점 감지 시작
[18:43:15][INFO] [MULTI-ZONE] CONFIRMED: a-b1-002+a-b1-001 (2.4s 정지)
[18:43:16][INFO] [MULTI] a-b1-002+a-b1-001 끝점 감지 시작
[18:43:17][ERROR] [Sender] 전송 실패: HTTPConnectionPool(host='172.20.10.5', port=8000): Max retries exceeded with url: /api/event (Caused by ConnectTimeoutError(<HTTPConnection(host='172.20.10.5', port=8000) at 0x7ffeaf3e1e10>, 'Connection to 172.20.10.5 timed out. (connect timeout=15)'))
[18:43:17][WARNING] [Sender] 큐 저장 (9건)
[18:43:18][INFO] [MULTI-ZONE] CONFIRMED: a-b1-002+a-b1-001 (2.5s 정지)
[18:43:19][INFO] [MULTI] a-b1-002+a-b1-001 끝점 감지 시작
[18:43:21][INFO] [MULTI-ZONE] CONFIRMED: a-b1-002+a-b1-001 (2.5s 정지)
[18:43:22][INFO] [MULTI] a-b1-002+a-b1-001 끝점 감지 시작
[18:43:24][INFO] [MULTI-ZONE] CONFIRMED: a-b1-002+a-b1-001 (2.5s 정지)
[18:43:25][INFO] [MULTI] a-b1-002+a-b1-001 끝점 감지 시작
[18:43:27][INFO] [MULTI-ZONE] CONFIRMED: a-b1-002+a-b1-001 (2.5s 정지)
[18:43:28][INFO] [MULTI] a-b1-002+a-b1-001 끝점 감지 시작
[18:43:30][INFO] [MULTI-ZONE] CONFIRMED: a-b1-002+a-b1-001 (2.5s 정지)
[18:43:31][INFO] [MULTI] a-b1-002+a-b1-001 끝점 감지 시작
[18:43:33][INFO] [MULTI-ZONE] CONFIRMED: a-b1-002+a-b1-001 (2.5s 정지)
[18:43:34][INFO] [MULTI] a-b1-002+a-b1-001 끝점 감지 시작
[18:43:36][INFO] [MULTI-ZONE] CONFIRMED: a-b1-002+a-b1-001 (2.5s 정지)
[18:43:38][INFO] [MULTI] a-b1-002+a-b1-001 끝점 감지 시작
[18:43:39][INFO] [MULTI-ZONE] CONFIRMED: a-b1-002+a-b1-001 (2.5s 정지)
[18:43:41][INFO] [MULTI] a-b1-002+a-b1-001 끝점 감지 시작
[18:43:43][INFO] [MULTI-ZONE] CONFIRMED: a-b1-002+a-b1-001 (2.5s 정지)
[18:43:44][INFO] [MULTI] a-b1-002+a-b1-001 끝점 감지 시작
[18:43:46][INFO] [MULTI-ZONE] CONFIRMED: a-b1-002+a-b1-001 (2.5s 정지)
[18:43:47][INFO] [MULTI] a-b1-002+a-b1-001 끝점 감지 시작
[18:43:47][ERROR] [Sender] 전송 실패: HTTPConnectionPool(host='172.20.10.5', port=8000): Max retries exceeded with url: /api/event (Caused by ConnectTimeoutError(<HTTPConnection(host='172.20.10.5', port=8000) at 0x7ffeaf3e2360>, 'Connection to 172.20.10.5 timed out. (connect timeout=15)'))
[18:43:47][WARNING] [Sender] 큐 저장 (10건)
[18:43:49][INFO] [MULTI-ZONE] CONFIRMED: a-b1-002+a-b1-001 (2.5s 정지)
[18:43:50][INFO] [MULTI] a-b1-002+a-b1-001 끝점 감지 시작
[18:43:52][INFO] [MULTI-ZONE] CONFIRMED: a-b1-002+a-b1-001 (2.4s 정지)
[18:43:53][INFO] [MULTI] a-b1-002+a-b1-001 끝점 감지 시작
[18:43:55][INFO] [MULTI-ZONE] CONFIRMED: a-b1-002+a-b1-001 (2.5s 정지)
[18:43:56][INFO] [MULTI] a-b1-002+a-b1-001 끝점 감지 시작
[18:43:58][INFO] [MULTI-ZONE] CONFIRMED: a-b1-002+a-b1-001 (2.4s 정지)
[18:43:59][INFO] [MULTI] a-b1-002+a-b1-001 끝점 감지 시작
[18:44:01][INFO] [MULTI-ZONE] CONFIRMED: a-b1-002+a-b1-001 (2.5s 정지)
[18:44:02][INFO] [MULTI] a-b1-002+a-b1-001 끝점 감지 시작
[18:44:04][INFO] [MULTI-ZONE] CONFIRMED: a-b1-002+a-b1-001 (2.4s 정지)
[18:44:05][INFO] [MULTI] a-b1-002+a-b1-001 끝점 감지 시작
[18:44:07][INFO] [MULTI-ZONE] CONFIRMED: a-b1-002+a-b1-001 (2.5s 정지)
[18:44:08][INFO] [MULTI] a-b1-002+a-b1-001 끝점 감지 시작
[18:44:10][INFO] [MULTI-ZONE] CONFIRMED: a-b1-002+a-b1-001 (2.5s 정지)
[18:44:12][INFO] [MULTI] a-b1-002+a-b1-001 끝점 감지 시작
[18:44:13][INFO] [MULTI-ZONE] CONFIRMED: a-b1-002+a-b1-001 (2.5s 정지)
[18:44:15][INFO] [MULTI] a-b1-002+a-b1-001 끝점 감지 시작
[18:44:17][INFO] [MULTI-ZONE] CONFIRMED: a-b1-002+a-b1-001 (2.5s 정지)
[18:44:17][ERROR] [Sender] 전송 실패: HTTPConnectionPool(host='172.20.10.5', port=8000): Max retries exceeded with url: /api/event (Caused by ConnectTimeoutError(<HTTPConnection(host='172.20.10.5', port=8000) at 0x7ffeaf3e07c0>, 'Connection to 172.20.10.5 timed out. (connect timeout=15)'))
[18:44:17][WARNING] [Sender] 큐 저장 (11건)
[18:44:18][INFO] [MULTI] a-b1-002+a-b1-001 끝점 감지 시작
[18:44:20][INFO] [MULTI-ZONE] CONFIRMED: a-b1-002+a-b1-001 (2.5s 정지)
[18:44:21][INFO] [MULTI] a-b1-002+a-b1-001 끝점 감지 시작
[18:44:23][INFO] [MULTI-ZONE] CONFIRMED: a-b1-002+a-b1-001 (2.5s 정지)
[18:44:24][INFO] [MULTI] a-b1-002+a-b1-001 끝점 감지 시작
[18:44:26][INFO] [MULTI-ZONE] CONFIRMED: a-b1-002+a-b1-001 (2.5s 정지)
[18:44:27][INFO] [MULTI] a-b1-002+a-b1-001 끝점 감지 시작
[18:44:29][INFO] [MULTI-ZONE] CONFIRMED: a-b1-002+a-b1-001 (2.4s 정지)
[18:44:30][INFO] [MULTI] a-b1-002+a-b1-001 끝점 감지 시작
[18:44:32][INFO] [MULTI-ZONE] CONFIRMED: a-b1-002+a-b1-001 (2.5s 정지)
[18:44:33][INFO] [MULTI] a-b1-002+a-b1-001 끝점 감지 시작
[18:44:35][INFO] [MULTI-ZONE] CONFIRMED: a-b1-002+a-b1-001 (2.4s 정지)
[18:44:36][INFO] [MULTI] a-b1-002+a-b1-001 끝점 감지 시작
[18:44:38][INFO] [MULTI-ZONE] CONFIRMED: a-b1-002+a-b1-001 (2.5s 정지)
[18:44:39][INFO] [MULTI] a-b1-002+a-b1-001 끝점 감지 시작
[18:44:41][INFO] [MULTI-ZONE] CONFIRMED: a-b1-002+a-b1-001 (2.4s 정지)
[18:44:42][INFO] [MULTI] a-b1-002+a-b1-001 끝점 감지 시작
[18:44:44][INFO] [MULTI-ZONE] CONFIRMED: a-b1-002+a-b1-001 (2.5s 정지)
[18:44:46][INFO] [MULTI] a-b1-002+a-b1-001 끝점 감지 시작
[18:44:47][ERROR] [Sender] 전송 실패: HTTPConnectionPool(host='172.20.10.5', port=8000): Max retries exceeded with url: /api/event (Caused by ConnectTimeoutError(<HTTPConnection(host='172.20.10.5', port=8000) at 0x7ffeaf3e0af0>, 'Connection to 172.20.10.5 timed out. (connect timeout=15)'))
[18:44:47][WARNING] [Sender] 큐 저장 (12건)
[18:44:47][INFO] [MULTI-ZONE] CONFIRMED: a-b1-002+a-b1-001 (2.4s 정지)
[18:44:49][INFO] [MULTI] a-b1-002+a-b1-001 끝점 감지 시작
[18:44:50][INFO] [MULTI-ZONE] CONFIRMED: a-b1-002+a-b1-001 (2.5s 정지)
[18:44:52][INFO] [MULTI] a-b1-002+a-b1-001 끝점 감지 시작
[18:44:54][INFO] [MULTI-ZONE] CONFIRMED: a-b1-002+a-b1-001 (2.4s 정지)
[18:44:55][INFO] [MULTI] a-b1-002+a-b1-001 끝점 감지 시작
[18:44:57][INFO] [MULTI-ZONE] CONFIRMED: a-b1-002+a-b1-001 (2.5s 정지)
[18:44:58][INFO] [MULTI] a-b1-002+a-b1-001 끝점 감지 시작
[18:45:00][INFO] [MULTI-ZONE] CONFIRMED: a-b1-002+a-b1-001 (2.5s 정지)
[18:45:01][INFO] [MULTI] a-b1-002+a-b1-001 끝점 감지 시작
[18:45:03][INFO] [MULTI-ZONE] CONFIRMED: a-b1-002+a-b1-001 (2.5s 정지)
[18:45:04][INFO] [MULTI] a-b1-002+a-b1-001 끝점 감지 시작
[18:45:06][INFO] [MULTI-ZONE] CONFIRMED: a-b1-002+a-b1-001 (2.5s 정지)
[18:45:07][INFO] [MULTI] a-b1-002+a-b1-001 끝점 감지 시작
[18:45:09][INFO] [MULTI-ZONE] CONFIRMED: a-b1-002+a-b1-001 (2.5s 정지)
[18:45:10][INFO] [MULTI] a-b1-002+a-b1-001 끝점 감지 시작
[18:45:12][INFO] [MULTI-ZONE] CONFIRMED: a-b1-002+a-b1-001 (2.5s 정지)
[18:45:13][INFO] [MULTI] a-b1-002+a-b1-001 끝점 감지 시작
[18:45:15][INFO] [MULTI-ZONE] CONFIRMED: a-b1-002+a-b1-001 (2.5s 정지)
[18:45:16][INFO] [MULTI] a-b1-002+a-b1-001 끝점 감지 시작
[18:45:17][ERROR] [Sender] 전송 실패: HTTPConnectionPool(host='172.20.10.5', port=8000): Max retries exceeded with url: /api/event (Caused by ConnectTimeoutError(<HTTPConnection(host='172.20.10.5', port=8000) at 0x7ffeaf3e1150>, 'Connection to 172.20.10.5 timed out. (connect timeout=15)'))
[18:45:17][WARNING] [Sender] 큐 저장 (13건)
[18:45:18][INFO] [MULTI-ZONE] CONFIRMED: a-b1-002+a-b1-001 (2.5s 정지)
[18:45:19][INFO] [MULTI] a-b1-002+a-b1-001 끝점 감지 시작
[18:45:21][INFO] [MULTI-ZONE] CONFIRMED: a-b1-002+a-b1-001 (2.5s 정지)
[18:45:23][INFO] [MULTI] a-b1-002+a-b1-001 끝점 감지 시작
[18:45:24][INFO] [MULTI-ZONE] CONFIRMED: a-b1-002+a-b1-001 (2.5s 정지)
[18:45:26][INFO] [MULTI] a-b1-002+a-b1-001 끝점 감지 시작
[18:45:28][INFO] [MULTI-ZONE] CONFIRMED: a-b1-002+a-b1-001 (2.5s 정지)
[18:45:29][INFO] [MULTI] a-b1-002+a-b1-001 끝점 감지 시작
[18:45:31][INFO] [MULTI-ZONE] CONFIRMED: a-b1-002+a-b1-001 (2.5s 정지)
[18:45:32][INFO] [MULTI] a-b1-002+a-b1-001 끝점 감지 시작
[18:45:34][INFO] [MULTI-ZONE] CONFIRMED: a-b1-002+a-b1-001 (2.5s 정지)
[18:45:35][INFO] [MULTI] a-b1-002+a-b1-001 끝점 감지 시작
[18:45:37][INFO] [MULTI-ZONE] CONFIRMED: a-b1-002+a-b1-001 (2.5s 정지)
[18:45:38][INFO] [MULTI] a-b1-002+a-b1-001 끝점 감지 시작
[18:45:40][INFO] [MULTI-ZONE] CONFIRMED: a-b1-002+a-b1-001 (2.5s 정지)
[18:45:41][INFO] [MULTI] a-b1-002+a-b1-001 끝점 감지 시작
[18:45:43][INFO] [MULTI-ZONE] CONFIRMED: a-b1-002+a-b1-001 (2.5s 정지)
[18:45:45][INFO] [MULTI] a-b1-002+a-b1-001 끝점 감지 시작
[18:45:46][INFO] [MULTI-ZONE] CONFIRMED: a-b1-002+a-b1-001 (2.5s 정지)
[18:45:47][ERROR] [Sender] 전송 실패: HTTPConnectionPool(host='172.20.10.5', port=8000): Max retries exceeded with url: /api/event (Caused by ConnectTimeoutError(<HTTPConnection(host='172.20.10.5', port=8000) at 0x7ffeaf3e2030>, 'Connection to 172.20.10.5 timed out. (connect timeout=15)'))
[18:45:47][WARNING] [Sender] 큐 저장 (14건)
[18:45:48][INFO] [MULTI] a-b1-002+a-b1-001 끝점 감지 시작
[18:45:50][INFO] [MULTI-ZONE] CONFIRMED: a-b1-002+a-b1-001 (2.5s 정지)
[18:45:51][INFO] [MULTI] a-b1-002+a-b1-001 끝점 감지 시작
[18:45:53][INFO] [MULTI-ZONE] CONFIRMED: a-b1-002+a-b1-001 (2.5s 정지)
[18:45:54][INFO] [MULTI] a-b1-002+a-b1-001 끝점 감지 시작
[18:45:56][INFO] [MULTI-ZONE] CONFIRMED: a-b1-002+a-b1-001 (2.4s 정지)
[18:45:57][INFO] [MULTI] a-b1-002+a-b1-001 끝점 감지 시작
[18:45:59][INFO] [MULTI-ZONE] CONFIRMED: a-b1-002+a-b1-001 (2.5s 정지)
[18:46:00][INFO] [MULTI] a-b1-002+a-b1-001 끝점 감지 시작
[18:46:02][INFO] [MULTI-ZONE] CONFIRMED: a-b1-002+a-b1-001 (2.4s 정지)
[18:46:03][INFO] [MULTI] a-b1-002+a-b1-001 끝점 감지 시작
[18:46:12][INFO] [EVENT] {'type': 'exit', 'zone': 'a-b1-002', 'plate': None, 'plate_status': 'pending', 'entry_time': 1781084762.4166229, 'park_status': 'multi_zone', 'linked_zone': 'a-b1-001', 'timestamp': 1781084772.8786497}
[18:46:12][WARNING] [EXIT] a-b1-002 OCR 완료 전 출차 → entry null 전송
[18:46:21][INFO] ==================================================
[18:46:21][INFO] Smart Parking System Start
[18:46:21][INFO] ==================================================
[18:46:26][INFO] [Sender] 초기화 | 서버: http://172.20.10.5:8000/api/event
[18:46:26][INFO] [Sender] 미전송 14건 복구
[18:46:26][INFO] Mapping loaded | zones: ['a-b1-001', 'a-b1-002', 'a-b1-003', 'a-b1-004', 'a-b1-005', 'a-b1-006', 'a-b1-007', 'a-b1-008', 'a-b1-009']
[18:46:31][INFO] [Camera] C920 자동 포커스 설정 완료
[18:46:31][INFO] [OCR Worker] 시작
[18:46:31][INFO] [OCR Worker] 시작
[18:46:31][INFO] [Send Worker] 시작
[18:46:31][INFO] [Workers] OCR x2, Send x1 시작
[18:46:31][INFO] Camera started | M: mapping  Q/ESC: quit
[18:46:32][INFO] [PixelCheck] 빈 구역 스냅샷 초기화 완료
[18:46:40][INFO] [EVENT] {'type': 'exit', 'zone': 'a-b1-001', 'plate': None, 'plate_status': 'pending', 'entry_time': 1781084715.6247232, 'park_status': 'multi_zone', 'linked_zone': 'a-b1-002', 'timestamp': 1781084800.4120014}
[18:46:40][INFO] [EXIT] a-b1-001 plate=None
[18:46:40][INFO] [EXIT] linked a-b1-002 동시 출차 처리
[18:47:02][INFO] [Sender] 미전송 7건 재전송 완료
[18:47:04][WARNING] [Sender] 서버 응답 오류: 404 → 재전송 큐 저장
[18:47:04][WARNING] [Sender] 큐 저장 (8건)
[18:47:16][INFO] Quit
[18:47:16][INFO] [Workers] 종료 대기 중...
[18:47:16][INFO] [OCR Worker] 종료
[18:47:16][INFO] [OCR Worker] 종료
[18:47:21][INFO] System stopped
[18:53:12][INFO] ==================================================
[18:53:12][INFO] Smart Parking System Start
[18:53:12][INFO] ==================================================
[18:53:19][INFO] [Sender] 초기화 | 서버: http://172.20.10.5:8000/api/event
[18:53:19][INFO] [Sender] 미전송 8건 복구
[18:53:19][INFO] Mapping loaded | zones: ['a-b1-001', 'a-b1-002', 'a-b1-003', 'a-b1-004', 'a-b1-005', 'a-b1-006', 'a-b1-007', 'a-b1-008', 'a-b1-009']
[18:53:24][INFO] [Camera] C920 자동 포커스 설정 완료
[18:53:24][INFO] [OCR Worker] 시작
[18:53:24][INFO] [OCR Worker] 시작
[18:53:24][INFO] [Send Worker] 시작
[18:53:24][INFO] [Workers] OCR x2, Send x1 시작
[18:53:26][INFO] Camera started | M: mapping  Q/ESC: quit
[18:53:27][INFO] [PixelCheck] 빈 구역 스냅샷 초기화 완료
[18:53:58][INFO] [EVENT] {'type': 'entry', 'zone': 'a-b1-003', 'plate': None, 'plate_status': 'pending', 'entry_time': 1781085238.283217, 'park_status': 'normal', 'timestamp': 1781085238.283217}
[18:53:58][INFO] [ENTRY QUICK] a-b1-003 PARKED 상태 먼저 전송
[18:53:58][INFO] [ENTRY] a-b1-003 OCR Queue 제출 (대기: 1)
[18:54:13][INFO] [OCR Worker] a-b1-003 완료: UNREADABLE (unreadable)
[18:54:13][INFO] [Snapshot] a-b1-003 OCR 실패 → base64 스냅샷 생성
[18:54:13][WARNING] [OCR ERROR] a-b1-003 번호판 인식 불가 (unreadable)
[18:54:13][WARNING] [UNREADABLE] a-b1-003 번호판 인식 불가
[18:54:14][INFO] [Sender] 전송 성공 | event:entry_quick zone:a-b1-003
[18:54:30][INFO] [Sender] 전송 성공 | event:entry zone:a-b1-003
[18:56:45][INFO] [EVENT] {'type': 'exit', 'zone': 'a-b1-003', 'plate': None, 'plate_status': 'unreadable', 'entry_time': 1781085238.283217, 'park_status': 'normal', 'linked_zone': None, 'timestamp': 1781085405.8453481}
[18:56:45][WARNING] [EXIT] a-b1-003 OCR 완료 전 출차 → entry null 전송
[18:56:45][INFO] [EXIT] a-b1-003 plate=None
[18:57:11][ERROR] [Sender] 전송 실패: HTTPConnectionPool(host='172.20.10.5', port=8000): Max retries exceeded with url: /api/event (Caused by ConnectTimeoutError(<HTTPConnection(host='172.20.10.5', port=8000) at 0x7ffec5f0d9d0>, 'Connection to 172.20.10.5 timed out. (connect timeout=15)'))
[18:57:11][WARNING] [Sender] 큐 저장 (9건)
[18:57:38][INFO] [Sender] 미전송 1건 재전송 완료
[18:57:44][INFO] [Sender] 전송 성공 | event:entry zone:a-b1-003
[18:57:55][INFO] Quit
[18:57:55][INFO] [Workers] 종료 대기 중...
[18:57:55][INFO] [OCR Worker] 종료
[18:57:55][INFO] [OCR Worker] 종료
[18:57:56][INFO] [Send Worker] 종료
[18:57:56][INFO] System stopped
[18:58:05][INFO] ==================================================
[18:58:05][INFO] Smart Parking System Start
[18:58:05][INFO] ==================================================
[18:58:11][INFO] [Sender] 초기화 | 서버: http://172.20.10.5:8000/api/event
[18:58:11][INFO] [Sender] 미전송 8건 복구
[18:58:11][INFO] Mapping loaded | zones: ['a-b1-001', 'a-b1-002', 'a-b1-003', 'a-b1-004', 'a-b1-005', 'a-b1-006', 'a-b1-007', 'a-b1-008', 'a-b1-009']
[18:58:16][INFO] [Camera] C920 자동 포커스 설정 완료
[18:58:16][INFO] [OCR Worker] 시작
[18:58:16][INFO] [OCR Worker] 시작
[18:58:16][INFO] [Send Worker] 시작
[18:58:16][INFO] [Workers] OCR x2, Send x1 시작
[18:58:18][INFO] Camera started | M: mapping  Q/ESC: quit
[18:58:19][INFO] [PixelCheck] 빈 구역 스냅샷 초기화 완료
[18:58:39][INFO] [MULTI] a-b1-002+a-b1-001 끝점 감지 시작
[18:58:41][INFO] [MULTI-ZONE] CONFIRMED: a-b1-002+a-b1-001 (3프레임)
[18:58:41][INFO] [MULTI OCR] a-b1-002 OCR Queue 제출
[18:58:41][INFO] [MULTI OCR] a-b1-001 OCR Queue 제출
[18:58:42][INFO] [MULTI] a-b1-002+a-b1-001 끝점 감지 시작
[18:59:01][INFO] [Sender] 전송 성공 | event:entry_quick zone:a-b1-002
[18:59:18][INFO] [Sender] 전송 성공 | event:entry_quick zone:a-b1-001
[18:59:18][INFO] [OCR Worker] a-b1-001 완료: UNREADABLE (unreadable)
[18:59:18][WARNING] [OCR ERROR] a-b1-001 번호판 인식 불가 (unreadable)
[18:59:18][WARNING] [UNREADABLE] a-b1-001 번호판 인식 불가
[18:59:19][INFO] [OCR Worker] a-b1-002 완료: UNREADABLE (unreadable)
[18:59:19][WARNING] [OCR ERROR] a-b1-002 번호판 인식 불가 (unreadable)
[18:59:19][WARNING] [UNREADABLE] a-b1-002 번호판 인식 불가
[18:59:24][INFO] [MULTI-ZONE] CONFIRMED: a-b1-002+a-b1-001 (39프레임)
[18:59:24][INFO] [MULTI] a-b1-002+a-b1-001 끝점 감지 시작
[18:59:27][INFO] [MULTI-ZONE] CONFIRMED: a-b1-002+a-b1-001 (4프레임)
[18:59:27][INFO] [MULTI] a-b1-002+a-b1-001 끝점 감지 시작
[18:59:30][INFO] [MULTI-ZONE] CONFIRMED: a-b1-002+a-b1-001 (4프레임)
[18:59:31][INFO] [MULTI] a-b1-002+a-b1-001 끝점 감지 시작
[18:59:33][INFO] [MULTI-ZONE] CONFIRMED: a-b1-002+a-b1-001 (4프레임)
[18:59:34][INFO] [MULTI] a-b1-002+a-b1-001 끝점 감지 시작
[18:59:34][INFO] [Sender] 전송 성공 | event:entry zone:a-b1-001
[18:59:36][INFO] [MULTI-ZONE] CONFIRMED: a-b1-002+a-b1-001 (4프레임)
[18:59:37][INFO] [MULTI] a-b1-002+a-b1-001 끝점 감지 시작
[18:59:39][INFO] [MULTI-ZONE] CONFIRMED: a-b1-002+a-b1-001 (4프레임)
[18:59:40][INFO] [MULTI] a-b1-002+a-b1-001 끝점 감지 시작
[18:59:43][INFO] [MULTI-ZONE] CONFIRMED: a-b1-002+a-b1-001 (4프레임)
[18:59:43][INFO] [MULTI] a-b1-002+a-b1-001 끝점 감지 시작
[18:59:46][INFO] [MULTI-ZONE] CONFIRMED: a-b1-002+a-b1-001 (4프레임)
[18:59:46][INFO] [MULTI] a-b1-002+a-b1-001 끝점 감지 시작
[18:59:49][INFO] [MULTI-ZONE] CONFIRMED: a-b1-002+a-b1-001 (4프레임)
[18:59:49][INFO] [MULTI] a-b1-002+a-b1-001 끝점 감지 시작
[18:59:50][INFO] [Sender] 전송 성공 | event:entry zone:a-b1-002
[18:59:52][INFO] [MULTI-ZONE] CONFIRMED: a-b1-002+a-b1-001 (4프레임)
[18:59:52][INFO] [MULTI] a-b1-002+a-b1-001 끝점 감지 시작
[18:59:55][INFO] [MULTI-ZONE] CONFIRMED: a-b1-002+a-b1-001 (4프레임)
[18:59:56][INFO] [MULTI] a-b1-002+a-b1-001 끝점 감지 시작
[18:59:58][INFO] [MULTI-ZONE] CONFIRMED: a-b1-002+a-b1-001 (4프레임)
[18:59:59][INFO] [MULTI] a-b1-002+a-b1-001 끝점 감지 시작
[19:00:01][INFO] [MULTI-ZONE] CONFIRMED: a-b1-002+a-b1-001 (4프레임)
[19:00:02][INFO] [MULTI] a-b1-002+a-b1-001 끝점 감지 시작
[19:00:04][INFO] [MULTI-ZONE] CONFIRMED: a-b1-002+a-b1-001 (4프레임)
[19:00:04][INFO] [Sender] 전송 성공 | event:entry_quick zone:a-b1-002
[19:00:05][INFO] [MULTI] a-b1-002+a-b1-001 끝점 감지 시작
[19:00:07][INFO] [MULTI-ZONE] CONFIRMED: a-b1-002+a-b1-001 (4프레임)
[19:00:08][INFO] [MULTI] a-b1-002+a-b1-001 끝점 감지 시작
[19:00:10][INFO] [MULTI-ZONE] CONFIRMED: a-b1-002+a-b1-001 (4프레임)
[19:00:11][INFO] [MULTI] a-b1-002+a-b1-001 끝점 감지 시작
[19:00:14][INFO] [MULTI-ZONE] CONFIRMED: a-b1-002+a-b1-001 (4프레임)
[19:00:14][INFO] [MULTI] a-b1-002+a-b1-001 끝점 감지 시작
[19:00:17][INFO] [MULTI-ZONE] CONFIRMED: a-b1-002+a-b1-001 (4프레임)
[19:00:17][INFO] [MULTI] a-b1-002+a-b1-001 끝점 감지 시작
[19:00:19][INFO] [Sender] 전송 성공 | event:entry_quick zone:a-b1-001
[19:00:20][INFO] [MULTI-ZONE] CONFIRMED: a-b1-002+a-b1-001 (4프레임)
[19:00:21][INFO] [MULTI] a-b1-002+a-b1-001 끝점 감지 시작
[19:00:23][INFO] [MULTI-ZONE] CONFIRMED: a-b1-002+a-b1-001 (4프레임)
[19:00:24][INFO] [MULTI] a-b1-002+a-b1-001 끝점 감지 시작
[19:00:26][INFO] [MULTI-ZONE] CONFIRMED: a-b1-002+a-b1-001 (4프레임)
[19:00:27][INFO] [MULTI] a-b1-002+a-b1-001 끝점 감지 시작
[19:00:29][INFO] [MULTI-ZONE] CONFIRMED: a-b1-002+a-b1-001 (4프레임)
[19:00:30][INFO] [MULTI] a-b1-002+a-b1-001 끝점 감지 시작
[19:00:32][INFO] [MULTI-ZONE] CONFIRMED: a-b1-002+a-b1-001 (4프레임)
[19:00:33][INFO] [MULTI] a-b1-002+a-b1-001 끝점 감지 시작
[19:00:35][INFO] [Sender] 전송 성공 | event:entry_quick zone:a-b1-002
[19:00:35][INFO] [MULTI-ZONE] CONFIRMED: a-b1-002+a-b1-001 (4프레임)
[19:00:36][INFO] [MULTI] a-b1-002+a-b1-001 끝점 감지 시작
[19:00:38][INFO] [MULTI-ZONE] CONFIRMED: a-b1-002+a-b1-001 (4프레임)
[19:00:39][INFO] [MULTI] a-b1-002+a-b1-001 끝점 감지 시작
[19:00:42][INFO] [MULTI-ZONE] CONFIRMED: a-b1-002+a-b1-001 (4프레임)
[19:00:42][INFO] [MULTI] a-b1-002+a-b1-001 끝점 감지 시작
[19:00:45][INFO] [MULTI-ZONE] CONFIRMED: a-b1-002+a-b1-001 (4프레임)
[19:00:45][INFO] [MULTI] a-b1-002+a-b1-001 끝점 감지 시작
[19:00:48][INFO] [MULTI-ZONE] CONFIRMED: a-b1-002+a-b1-001 (4프레임)
[19:00:48][INFO] [MULTI] a-b1-002+a-b1-001 끝점 감지 시작
[19:00:51][INFO] [MULTI-ZONE] CONFIRMED: a-b1-002+a-b1-001 (4프레임)
[19:00:52][INFO] [MULTI] a-b1-002+a-b1-001 끝점 감지 시작
[19:00:52][INFO] [Sender] 전송 성공 | event:entry_quick zone:a-b1-001
[19:00:54][INFO] [MULTI-ZONE] CONFIRMED: a-b1-002+a-b1-001 (4프레임)
[19:00:55][INFO] [MULTI] a-b1-002+a-b1-001 끝점 감지 시작
[19:00:57][INFO] [MULTI-ZONE] CONFIRMED: a-b1-002+a-b1-001 (4프레임)
[19:00:58][INFO] [MULTI] a-b1-002+a-b1-001 끝점 감지 시작
[19:01:00][INFO] [MULTI-ZONE] CONFIRMED: a-b1-002+a-b1-001 (4프레임)
[19:01:01][INFO] [MULTI] a-b1-002+a-b1-001 끝점 감지 시작
[19:01:03][INFO] [MULTI-ZONE] CONFIRMED: a-b1-002+a-b1-001 (4프레임)
[19:01:04][INFO] [MULTI] a-b1-002+a-b1-001 끝점 감지 시작
[19:01:06][INFO] [MULTI-ZONE] CONFIRMED: a-b1-002+a-b1-001 (4프레임)
[19:01:07][INFO] [Sender] 전송 성공 | event:entry_quick zone:a-b1-002
[19:01:07][INFO] [MULTI] a-b1-002+a-b1-001 끝점 감지 시작
[19:01:10][INFO] [MULTI-ZONE] CONFIRMED: a-b1-002+a-b1-001 (4프레임)
[19:01:10][INFO] [MULTI] a-b1-002+a-b1-001 끝점 감지 시작
[19:01:13][INFO] [MULTI-ZONE] CONFIRMED: a-b1-002+a-b1-001 (4프레임)
[19:01:13][INFO] [MULTI] a-b1-002+a-b1-001 끝점 감지 시작
[19:01:16][INFO] [MULTI-ZONE] CONFIRMED: a-b1-002+a-b1-001 (4프레임)
[19:01:16][INFO] [MULTI] a-b1-002+a-b1-001 끝점 감지 시작
[19:01:19][INFO] [MULTI-ZONE] CONFIRMED: a-b1-002+a-b1-001 (4프레임)
[19:01:19][INFO] [MULTI] a-b1-002+a-b1-001 끝점 감지 시작
[19:01:22][INFO] [MULTI-ZONE] CONFIRMED: a-b1-002+a-b1-001 (4프레임)
[19:01:22][INFO] [Sender] 전송 성공 | event:entry_quick zone:a-b1-001
[19:01:23][INFO] [MULTI] a-b1-002+a-b1-001 끝점 감지 시작
[19:01:25][INFO] [MULTI-ZONE] CONFIRMED: a-b1-002+a-b1-001 (4프레임)
[19:01:26][INFO] [MULTI] a-b1-002+a-b1-001 끝점 감지 시작
[19:01:28][INFO] [MULTI-ZONE] CONFIRMED: a-b1-002+a-b1-001 (4프레임)
[19:01:29][INFO] [MULTI] a-b1-002+a-b1-001 끝점 감지 시작
[19:01:31][INFO] [MULTI-ZONE] CONFIRMED: a-b1-002+a-b1-001 (4프레임)
[19:01:32][INFO] [MULTI] a-b1-002+a-b1-001 끝점 감지 시작
[19:01:35][INFO] [MULTI-ZONE] CONFIRMED: a-b1-002+a-b1-001 (4프레임)
[19:01:35][INFO] [MULTI] a-b1-002+a-b1-001 끝점 감지 시작
[19:01:38][INFO] [Sender] 전송 성공 | event:entry_quick zone:a-b1-002
[19:01:38][INFO] [MULTI-ZONE] CONFIRMED: a-b1-002+a-b1-001 (4프레임)
[19:01:38][INFO] [MULTI] a-b1-002+a-b1-001 끝점 감지 시작
[19:01:41][INFO] [MULTI-ZONE] CONFIRMED: a-b1-002+a-b1-001 (4프레임)
[19:01:41][INFO] [MULTI] a-b1-002+a-b1-001 끝점 감지 시작
[19:01:44][INFO] [MULTI-ZONE] CONFIRMED: a-b1-002+a-b1-001 (4프레임)
[19:01:45][INFO] [MULTI] a-b1-002+a-b1-001 끝점 감지 시작
[19:01:47][INFO] [MULTI-ZONE] CONFIRMED: a-b1-002+a-b1-001 (4프레임)
[19:01:48][INFO] [MULTI] a-b1-002+a-b1-001 끝점 감지 시작
[19:01:50][INFO] [MULTI-ZONE] CONFIRMED: a-b1-002+a-b1-001 (4프레임)
[19:01:51][INFO] [MULTI] a-b1-002+a-b1-001 끝점 감지 시작
[19:01:53][INFO] [Sender] 전송 성공 | event:entry_quick zone:a-b1-001
[19:01:53][INFO] [MULTI-ZONE] CONFIRMED: a-b1-002+a-b1-001 (4프레임)
[19:01:54][INFO] [MULTI] a-b1-002+a-b1-001 끝점 감지 시작
[19:01:56][INFO] [MULTI-ZONE] CONFIRMED: a-b1-002+a-b1-001 (4프레임)
[19:01:57][INFO] [MULTI] a-b1-002+a-b1-001 끝점 감지 시작
[19:02:07][INFO] [Sender] 전송 성공 | event:entry_quick zone:a-b1-002
[19:02:22][INFO] [Sender] 전송 성공 | event:entry_quick zone:a-b1-001
[19:02:36][INFO] [Sender] 전송 성공 | event:entry_quick zone:a-b1-002
[19:02:52][INFO] [Sender] 전송 성공 | event:entry_quick zone:a-b1-001
[19:03:03][INFO] [MULTI-ZONE] CONFIRMED: a-b1-002+a-b1-001 (106프레임)
[19:03:04][INFO] [MULTI] a-b1-002+a-b1-001 끝점 감지 시작
[19:03:06][INFO] [MULTI-ZONE] CONFIRMED: a-b1-002+a-b1-001 (4프레임)
[19:03:07][INFO] [MULTI] a-b1-002+a-b1-001 끝점 감지 시작
[19:03:08][INFO] [Sender] 전송 성공 | event:entry_quick zone:a-b1-002
[19:03:09][INFO] [MULTI-ZONE] CONFIRMED: a-b1-002+a-b1-001 (4프레임)
[19:03:10][INFO] [MULTI] a-b1-002+a-b1-001 끝점 감지 시작
[19:03:12][INFO] [MULTI-ZONE] CONFIRMED: a-b1-002+a-b1-001 (4프레임)
[19:03:13][INFO] [MULTI] a-b1-002+a-b1-001 끝점 감지 시작
[19:03:15][INFO] [MULTI-ZONE] CONFIRMED: a-b1-002+a-b1-001 (4프레임)
[19:03:16][INFO] [MULTI] a-b1-002+a-b1-001 끝점 감지 시작
[19:03:23][INFO] [Sender] 전송 성공 | event:entry_quick zone:a-b1-001
[19:03:28][INFO] [EVENT] {'type': 'exit', 'zone': 'a-b1-002', 'plate': None, 'plate_status': 'pending', 'entry_time': 1781085795.9467158, 'park_status': 'multi_zone', 'linked_zone': 'a-b1-001', 'timestamp': 1781085808.2966332}
[19:03:28][WARNING] [EXIT] a-b1-002 OCR 완료 전 출차 → entry null 전송
[19:03:28][INFO] [EXIT] a-b1-002 plate=None
[19:03:28][INFO] [EXIT] linked a-b1-001 동시 출차 처리
[19:03:38][INFO] [Sender] 전송 성공 | event:entry_quick zone:a-b1-002
[19:03:56][INFO] [Sender] 전송 성공 | event:exit zone:a-b1-002
[19:04:18][WARNING] [Sender] 서버 응답 오류: 404 → 재전송 큐 저장
[19:04:18][WARNING] [Sender] 큐 저장 (9건)
[19:04:38][INFO] [Sender] 전송 성공 | event:entry_quick zone:a-b1-001
[19:04:52][INFO] [MULTI] a-b1-002+a-b1-001 끝점 감지 시작
[19:04:54][INFO] [MULTI-ZONE] CONFIRMED: a-b1-002+a-b1-001 (3프레임)
[19:04:54][INFO] [MULTI OCR] a-b1-002 OCR Queue 제출
[19:04:54][INFO] [MULTI OCR] a-b1-001 OCR Queue 제출
[19:04:55][INFO] [MULTI] a-b1-002+a-b1-001 끝점 감지 시작
[19:04:57][INFO] [Sender] 미전송 1건 재전송 완료
[19:05:02][INFO] [Sender] 전송 성공 | event:entry_quick zone:a-b1-002
[19:05:17][INFO] [Sender] 전송 성공 | event:entry_quick zone:a-b1-001
[19:05:24][INFO] [OCR Worker] a-b1-001 완료: 42바3579 (confirmed)
[19:05:24][INFO] [MULTI OCR] a-b1-001 → linked a-b1-002 번호판 42바3579 업데이트
[19:05:24][INFO] [OCR Worker] a-b1-002 완료: 42바3579 (confirmed)
[19:05:24][INFO] [MULTI OCR] a-b1-002 → linked a-b1-001 번호판 42바3579 업데이트
[19:05:32][INFO] [MULTI-ZONE] CONFIRMED: a-b1-002+a-b1-001 (39프레임)
[19:05:33][INFO] [MULTI] a-b1-002+a-b1-001 끝점 감지 시작
[19:05:34][INFO] [Sender] 전송 성공 | event:entry_quick zone:a-b1-002
[19:05:35][INFO] [MULTI-ZONE] CONFIRMED: a-b1-002+a-b1-001 (4프레임)
[19:05:36][INFO] [MULTI] a-b1-002+a-b1-001 끝점 감지 시작
[19:05:39][INFO] [MULTI-ZONE] CONFIRMED: a-b1-002+a-b1-001 (4프레임)
[19:05:39][INFO] [MULTI] a-b1-002+a-b1-001 끝점 감지 시작
[19:05:42][INFO] [MULTI-ZONE] CONFIRMED: a-b1-002+a-b1-001 (4프레임)
[19:05:42][INFO] [MULTI] a-b1-002+a-b1-001 끝점 감지 시작
[19:05:45][INFO] [MULTI-ZONE] CONFIRMED: a-b1-002+a-b1-001 (4프레임)
[19:05:45][INFO] [MULTI] a-b1-002+a-b1-001 끝점 감지 시작
[19:05:48][INFO] [MULTI-ZONE] CONFIRMED: a-b1-002+a-b1-001 (4프레임)
[19:05:48][INFO] [Sender] 전송 성공 | event:entry_quick zone:a-b1-001
[19:05:49][INFO] [MULTI] a-b1-002+a-b1-001 끝점 감지 시작
[19:05:51][INFO] [MULTI-ZONE] CONFIRMED: a-b1-002+a-b1-001 (4프레임)
[19:05:52][INFO] [MULTI] a-b1-002+a-b1-001 끝점 감지 시작
[19:05:54][INFO] [MULTI-ZONE] CONFIRMED: a-b1-002+a-b1-001 (4프레임)
[19:05:55][INFO] [MULTI] a-b1-002+a-b1-001 끝점 감지 시작
[19:05:57][INFO] [MULTI-ZONE] CONFIRMED: a-b1-002+a-b1-001 (4프레임)
[19:05:58][INFO] [MULTI] a-b1-002+a-b1-001 끝점 감지 시작
[19:06:00][INFO] [MULTI-ZONE] CONFIRMED: a-b1-002+a-b1-001 (4프레임)
[19:06:01][INFO] [MULTI] a-b1-002+a-b1-001 끝점 감지 시작
[19:06:03][INFO] [Sender] 전송 성공 | event:entry_quick zone:a-b1-002
[19:06:04][INFO] [MULTI-ZONE] CONFIRMED: a-b1-002+a-b1-001 (4프레임)
[19:06:04][INFO] [MULTI] a-b1-002+a-b1-001 끝점 감지 시작
[19:06:07][INFO] [MULTI-ZONE] CONFIRMED: a-b1-002+a-b1-001 (4프레임)
[19:06:07][INFO] [MULTI] a-b1-002+a-b1-001 끝점 감지 시작
[19:06:10][INFO] [MULTI-ZONE] CONFIRMED: a-b1-002+a-b1-001 (4프레임)
[19:06:10][INFO] [MULTI] a-b1-002+a-b1-001 끝점 감지 시작
[19:06:13][INFO] [MULTI-ZONE] CONFIRMED: a-b1-002+a-b1-001 (4프레임)
[19:06:13][INFO] [MULTI] a-b1-002+a-b1-001 끝점 감지 시작
[19:06:16][INFO] [MULTI-ZONE] CONFIRMED: a-b1-002+a-b1-001 (4프레임)
[19:06:17][INFO] [MULTI] a-b1-002+a-b1-001 끝점 감지 시작
[19:06:17][INFO] [Sender] 전송 성공 | event:entry_quick zone:a-b1-001
[19:06:19][INFO] [MULTI-ZONE] CONFIRMED: a-b1-002+a-b1-001 (4프레임)
[19:06:20][INFO] [MULTI] a-b1-002+a-b1-001 끝점 감지 시작
[19:06:22][INFO] [MULTI-ZONE] CONFIRMED: a-b1-002+a-b1-001 (4프레임)
[19:06:23][INFO] [MULTI] a-b1-002+a-b1-001 끝점 감지 시작
[19:06:25][INFO] [MULTI-ZONE] CONFIRMED: a-b1-002+a-b1-001 (4프레임)
[19:06:26][INFO] [MULTI] a-b1-002+a-b1-001 끝점 감지 시작
[19:06:28][INFO] [MULTI-ZONE] CONFIRMED: a-b1-002+a-b1-001 (4프레임)
[19:06:29][INFO] [MULTI] a-b1-002+a-b1-001 끝점 감지 시작
[19:06:31][INFO] [MULTI-ZONE] CONFIRMED: a-b1-002+a-b1-001 (4프레임)
[19:06:32][INFO] [MULTI] a-b1-002+a-b1-001 끝점 감지 시작
[19:06:34][INFO] [Sender] 전송 성공 | event:entry_quick zone:a-b1-002
[19:06:35][INFO] [MULTI-ZONE] CONFIRMED: a-b1-002+a-b1-001 (4프레임)
[19:06:35][INFO] [MULTI] a-b1-002+a-b1-001 끝점 감지 시작
[19:06:38][INFO] [MULTI-ZONE] CONFIRMED: a-b1-002+a-b1-001 (4프레임)
[19:06:38][INFO] [MULTI] a-b1-002+a-b1-001 끝점 감지 시작
[19:06:41][INFO] [MULTI-ZONE] CONFIRMED: a-b1-002+a-b1-001 (4프레임)
[19:06:42][INFO] [MULTI] a-b1-002+a-b1-001 끝점 감지 시작
[19:06:44][INFO] [MULTI-ZONE] CONFIRMED: a-b1-002+a-b1-001 (4프레임)
[19:06:45][INFO] [MULTI] a-b1-002+a-b1-001 끝점 감지 시작
[19:06:47][INFO] [MULTI-ZONE] CONFIRMED: a-b1-002+a-b1-001 (4프레임)
[19:06:48][INFO] [MULTI] a-b1-002+a-b1-001 끝점 감지 시작
[19:06:49][INFO] [Sender] 전송 성공 | event:entry_quick zone:a-b1-001
[19:06:50][INFO] [MULTI-ZONE] CONFIRMED: a-b1-002+a-b1-001 (4프레임)
[19:06:51][INFO] [MULTI] a-b1-002+a-b1-001 끝점 감지 시작
[19:06:54][INFO] [MULTI-ZONE] CONFIRMED: a-b1-002+a-b1-001 (4프레임)
[19:06:54][INFO] [MULTI] a-b1-002+a-b1-001 끝점 감지 시작
[19:06:57][INFO] [MULTI-ZONE] CONFIRMED: a-b1-002+a-b1-001 (4프레임)
[19:06:57][INFO] [MULTI] a-b1-002+a-b1-001 끝점 감지 시작
[19:07:00][INFO] [MULTI-ZONE] CONFIRMED: a-b1-002+a-b1-001 (4프레임)
[19:07:00][INFO] [MULTI] a-b1-002+a-b1-001 끝점 감지 시작
[19:07:03][INFO] [MULTI-ZONE] CONFIRMED: a-b1-002+a-b1-001 (4프레임)
[19:07:04][INFO] [MULTI] a-b1-002+a-b1-001 끝점 감지 시작
[19:07:04][INFO] [Sender] 전송 성공 | event:entry_quick zone:a-b1-002
[19:07:06][INFO] [MULTI-ZONE] CONFIRMED: a-b1-002+a-b1-001 (4프레임)
[19:07:07][INFO] [MULTI] a-b1-002+a-b1-001 끝점 감지 시작
[19:07:09][INFO] [MULTI-ZONE] CONFIRMED: a-b1-002+a-b1-001 (4프레임)
[19:07:10][INFO] [MULTI] a-b1-002+a-b1-001 끝점 감지 시작
[19:07:12][INFO] [MULTI-ZONE] CONFIRMED: a-b1-002+a-b1-001 (4프레임)
[19:07:13][INFO] [MULTI] a-b1-002+a-b1-001 끝점 감지 시작
[19:07:15][INFO] [MULTI-ZONE] CONFIRMED: a-b1-002+a-b1-001 (4프레임)
[19:07:16][INFO] [MULTI] a-b1-002+a-b1-001 끝점 감지 시작
[19:07:18][INFO] [MULTI-ZONE] CONFIRMED: a-b1-002+a-b1-001 (4프레임)
[19:07:19][INFO] [MULTI] a-b1-002+a-b1-001 끝점 감지 시작
[19:07:19][INFO] [Sender] 전송 성공 | event:entry_quick zone:a-b1-001
[19:07:22][INFO] [MULTI-ZONE] CONFIRMED: a-b1-002+a-b1-001 (4프레임)
[19:07:22][INFO] [MULTI] a-b1-002+a-b1-001 끝점 감지 시작
[19:07:25][INFO] [MULTI-ZONE] CONFIRMED: a-b1-002+a-b1-001 (4프레임)
[19:07:25][INFO] [MULTI] a-b1-002+a-b1-001 끝점 감지 시작
[19:07:34][INFO] [Sender] 전송 성공 | event:entry_quick zone:a-b1-002
[19:07:35][INFO] [EVENT] {'type': 'exit', 'zone': 'a-b1-001', 'plate': None, 'plate_status': 'pending', 'entry_time': 1781086045.164084, 'park_status': 'multi_zone', 'linked_zone': 'a-b1-002', 'timestamp': 1781086055.8172796}
[19:07:35][WARNING] [EXIT] a-b1-001 OCR 완료 전 출차 → entry null 전송
[19:07:35][WARNING] [EXIT] send_queue 가득참
[19:07:35][INFO] [EXIT] a-b1-001 plate=None
[19:07:50][INFO] [Sender] 전송 성공 | event:entry_quick zone:a-b1-001
[19:08:05][INFO] [Sender] 전송 성공 | event:entry_quick zone:a-b1-002
[19:08:20][INFO] [Sender] 전송 성공 | event:entry_quick zone:a-b1-001
[19:08:35][INFO] [Sender] 전송 성공 | event:entry_quick zone:a-b1-002
[19:08:50][INFO] [Sender] 전송 성공 | event:entry_quick zone:a-b1-001
[19:09:05][INFO] [Sender] 전송 성공 | event:entry_quick zone:a-b1-002
[19:09:19][INFO] [Sender] 전송 성공 | event:entry_quick zone:a-b1-001
[19:09:35][INFO] [Sender] 전송 성공 | event:entry_quick zone:a-b1-002
[19:09:50][INFO] [Sender] 전송 성공 | event:entry_quick zone:a-b1-001
[19:10:05][INFO] [Sender] 전송 성공 | event:entry_quick zone:a-b1-002
[19:10:20][INFO] [Sender] 전송 성공 | event:entry_quick zone:a-b1-001
[19:10:37][INFO] [Sender] 전송 성공 | event:entry_quick zone:a-b1-002
[19:10:53][INFO] [Sender] 전송 성공 | event:entry_quick zone:a-b1-001
[19:11:09][INFO] [Sender] 전송 성공 | event:entry_quick zone:a-b1-002
[19:11:25][INFO] [Sender] 전송 성공 | event:entry_quick zone:a-b1-001
[19:11:42][INFO] [Sender] 전송 성공 | event:entry_quick zone:a-b1-002
[19:11:57][INFO] [Sender] 전송 성공 | event:entry_quick zone:a-b1-001
[19:12:13][INFO] [Sender] 전송 성공 | event:entry_quick zone:a-b1-002
[19:12:29][INFO] [Sender] 전송 성공 | event:entry_quick zone:a-b1-001
[19:12:44][INFO] [Sender] 전송 성공 | event:entry_quick zone:a-b1-002
[19:12:58][INFO] [Sender] 전송 성공 | event:entry_quick zone:a-b1-001
[19:13:12][INFO] [Sender] 전송 성공 | event:entry_quick zone:a-b1-002
[19:13:37][INFO] Quit
[19:13:37][INFO] [Workers] 종료 대기 중...
[19:13:37][INFO] [OCR Worker] 종료
[19:13:37][INFO] [OCR Worker] 종료
[19:13:43][INFO] System stopped
[19:15:13][INFO] ==================================================
[19:15:13][INFO] Smart Parking System Start
[19:15:13][INFO] ==================================================
[19:15:20][INFO] [Sender] 초기화 | 서버: http://172.20.10.5:8000/api/event
[19:15:20][INFO] Mapping loaded | zones: ['a-b1-001', 'a-b1-002', 'a-b1-003', 'a-b1-004', 'a-b1-005', 'a-b1-006', 'a-b1-007', 'a-b1-008', 'a-b1-009']
[19:15:25][INFO] [Camera] C920 자동 포커스 설정 완료
[19:15:25][INFO] [OCR Worker] 시작
[19:15:25][INFO] [OCR Worker] 시작
[19:15:25][INFO] [Send Worker] 시작
[19:15:25][INFO] [Workers] OCR x2, Send x1 시작
[19:15:26][INFO] Camera started | M: mapping  Q/ESC: quit
[19:15:28][INFO] [PixelCheck] 빈 구역 스냅샷 초기화 완료
[19:16:04][INFO] [MULTI] a-b1-004+a-b1-003 끝점 감지 시작
[19:16:06][INFO] [MULTI-ZONE] CONFIRMED: a-b1-004+a-b1-003 (3프레임)
[19:16:06][INFO] [MULTI OCR] a-b1-004 OCR Queue 제출
[19:16:06][INFO] [MULTI OCR] a-b1-003 OCR Queue 제출
[19:16:07][INFO] [MULTI] a-b1-004+a-b1-003 끝점 감지 시작
[19:16:07][INFO] [Sender] 전송 성공 | event:entry_quick zone:a-b1-004
[19:16:08][INFO] [Sender] 전송 성공 | event:entry_quick zone:a-b1-003
[19:16:31][INFO] [OCR Worker] a-b1-003 완료: 12바3579 (confirmed)
[19:16:31][INFO] [MULTI OCR] a-b1-003 → linked a-b1-004 번호판 12바3579 업데이트
[19:16:31][INFO] [OCR Worker] a-b1-004 완료: 12바3579 (confirmed)
[19:16:31][INFO] [MULTI OCR] a-b1-004 → linked a-b1-003 번호판 12바3579 업데이트
[19:16:34][INFO] [Sender] 전송 성공 | event:entry zone:a-b1-003
[19:16:36][INFO] [Sender] 전송 성공 | event:entry zone:a-b1-004
[19:16:37][INFO] [Sender] 전송 성공 | event:update zone:a-b1-004
[19:16:39][WARNING] [Sender] 서버 응답 오류: 404 → 재전송 큐 저장
[19:16:39][WARNING] [Sender] 큐 저장 (1건)
[19:17:12][INFO] [EVENT] {'type': 'exit', 'zone': 'a-b1-004', 'plate': '12바3579', 'plate_status': 'confirmed', 'entry_time': 1781086566.3254957, 'park_status': 'multi_zone', 'linked_zone': 'a-b1-003', 'timestamp': 1781086632.6590211}
[19:17:12][WARNING] [EXIT] a-b1-004 OCR 완료 전 출차 → entry null 전송
[19:17:12][INFO] [EXIT] a-b1-004 plate=12바3579
[19:17:12][INFO] [EXIT] linked a-b1-003 동시 출차 처리
[19:17:15][INFO] [Sender] 전송 성공 | event:exit zone:a-b1-004
[19:17:17][WARNING] [Sender] 서버 응답 오류: 404 → 재전송 큐 저장
[19:17:17][WARNING] [Sender] 큐 저장 (2건)
[19:17:22][INFO] [Sender] 전송 성공 | event:entry zone:a-b1-004
[19:25:59][INFO] Quit
[19:25:59][INFO] [Workers] 종료 대기 중...
[19:26:00][INFO] [OCR Worker] 종료
[19:26:00][INFO] [OCR Worker] 종료
[19:26:00][INFO] [Send Worker] 종료
[19:26:00][INFO] System stopped
[19:32:46][INFO] ==================================================
[19:32:46][INFO] Smart Parking System Start
[19:32:46][INFO] ==================================================
[19:32:53][INFO] [Sender] 초기화 | 서버: http://172.20.10.5:8000/api/event
[19:32:53][INFO] [Sender] 미전송 2건 복구
[19:32:53][INFO] Mapping loaded | zones: ['a-b1-001', 'a-b1-002', 'a-b1-003', 'a-b1-004', 'a-b1-005', 'a-b1-006', 'a-b1-007', 'a-b1-008', 'a-b1-009']
[19:32:58][INFO] [Camera] C920 자동 포커스 설정 완료
[19:32:58][INFO] [OCR Worker] 시작
[19:32:58][INFO] [OCR Worker] 시작
[19:32:58][INFO] [Send Worker] 시작
[19:32:58][INFO] [Workers] OCR x2, Send x1 시작
[19:33:00][INFO] Camera started | M: mapping  Q/ESC: quit
[19:33:01][INFO] [PixelCheck] 빈 구역 스냅샷 초기화 완료
[19:33:34][INFO] Quit
[19:33:34][INFO] [Workers] 종료 대기 중...
[19:33:35][INFO] [OCR Worker] 종료
[19:33:35][INFO] [Send Worker] 종료
[19:33:35][INFO] [OCR Worker] 종료
[19:33:35][INFO] System stopped
[19:34:02][INFO] ==================================================
[19:34:02][INFO] Smart Parking System Start
[19:34:02][INFO] ==================================================
[19:34:08][INFO] [Sender] 초기화 | 서버: http://172.20.10.5:8000/api/event
[19:34:08][INFO] [Sender] 미전송 2건 복구
[19:34:08][INFO] Mapping loaded | zones: ['a-b1-001', 'a-b1-002', 'a-b1-003', 'a-b1-004', 'a-b1-005', 'a-b1-006', 'a-b1-007', 'a-b1-008', 'a-b1-009']
[19:34:14][INFO] [Camera] C920 자동 포커스 설정 완료
[19:34:14][INFO] [OCR Worker] 시작
[19:34:14][INFO] [OCR Worker] 시작
[19:34:14][INFO] [Send Worker] 시작
[19:34:14][INFO] [Workers] OCR x2, Send x1 시작
[19:34:15][INFO] Camera started | M: mapping  Q/ESC: quit
[19:34:16][INFO] [PixelCheck] 빈 구역 스냅샷 초기화 완료
[19:59:58][INFO] [EVENT] {'type': 'entry', 'zone': 'a-b1-001', 'plate': None, 'plate_status': 'pending', 'entry_time': 1781089198.1472661, 'park_status': 'normal', 'timestamp': 1781089198.1472661}
[19:59:58][INFO] [ENTRY QUICK] a-b1-001 PARKED 상태 먼저 전송
[19:59:58][INFO] [ENTRY] a-b1-001 OCR Queue 제출 (대기: 1)
[20:00:03][INFO] [Sender] 전송 성공 | event:entry_quick zone:a-b1-001
[20:00:23][INFO] [OCR Worker] a-b1-001 완료: 42바3579 (pending)
[20:00:23][INFO] [EVENT] {'type': 'exit', 'zone': 'a-b1-001', 'plate': None, 'plate_status': 'pending', 'entry_time': 1781089198.1472661, 'park_status': 'normal', 'linked_zone': None, 'timestamp': 1781089223.1516426}
[20:00:23][WARNING] [EXIT] a-b1-001 OCR 완료 전 출차 → entry null 전송
[20:00:23][INFO] [Snapshot] a-b1-001 OCR 완료 전 출차 → base64 스냅샷 생성
[20:00:23][INFO] [EXIT] a-b1-001 plate=None
[20:00:27][INFO] [Sender] 전송 성공 | event:entry zone:a-b1-001
[20:00:30][INFO] [Sender] 전송 성공 | event:exit zone:a-b1-001
[20:00:34][INFO] [Sender] 전송 성공 | event:entry zone:a-b1-001
[20:01:49][INFO] [EVENT] {'type': 'entry', 'zone': 'a-b1-001', 'plate': None, 'plate_status': 'pending', 'entry_time': 1781089309.8688884, 'park_status': 'normal', 'timestamp': 1781089309.8688884}
[20:01:49][INFO] [ENTRY QUICK] a-b1-001 PARKED 상태 먼저 전송
[20:01:49][INFO] [ENTRY] a-b1-001 OCR Queue 제출 (대기: 1)
[20:01:53][INFO] [Sender] 전송 성공 | event:entry_quick zone:a-b1-001
[20:02:14][INFO] [OCR Worker] a-b1-001 완료: 12바3579 (confirmed)
[20:02:20][INFO] [Sender] 전송 성공 | event:entry zone:a-b1-001
[20:02:28][INFO] [EVENT] {'type': 'exit', 'zone': 'a-b1-001', 'plate': '12바3579', 'plate_status': 'confirmed', 'entry_time': 1781089309.8688884, 'park_status': 'normal', 'linked_zone': None, 'timestamp': 1781089348.3460763}
[20:02:28][WARNING] [EXIT] a-b1-001 OCR 완료 전 출차 → entry null 전송
[20:02:28][INFO] [Snapshot] a-b1-001 OCR 완료 전 출차 → base64 스냅샷 생성
[20:02:28][INFO] [EXIT] a-b1-001 plate=12바3579
[20:02:31][INFO] [Sender] 전송 성공 | event:exit zone:a-b1-001
[20:02:36][INFO] [Sender] 전송 성공 | event:entry zone:a-b1-001
[20:04:18][INFO] [EVENT] {'type': 'entry', 'zone': 'a-b1-008', 'plate': None, 'plate_status': 'pending', 'entry_time': 1781089458.1750216, 'park_status': 'normal', 'timestamp': 1781089458.1750216}
[20:04:18][INFO] [ENTRY QUICK] a-b1-008 PARKED 상태 먼저 전송
[20:04:18][INFO] [ENTRY] a-b1-008 OCR Queue 제출 (대기: 1)
[20:04:21][INFO] [Sender] 전송 성공 | event:entry_quick zone:a-b1-008
[20:04:24][INFO] [EVENT] {'type': 'entry', 'zone': 'a-b1-009', 'plate': None, 'plate_status': 'pending', 'entry_time': 1781089464.676961, 'park_status': 'normal', 'timestamp': 1781089464.676961}
[20:04:24][INFO] [ENTRY QUICK] a-b1-009 PARKED 상태 먼저 전송
[20:04:24][INFO] [ENTRY] a-b1-009 OCR Queue 제출 (대기: 1)
[20:04:24][INFO] [OCR Worker] a-b1-009 완료: UNREADABLE (unreadable)
[20:04:24][INFO] [Snapshot] a-b1-009 OCR 실패 → base64 스냅샷 생성
[20:04:24][WARNING] [OCR ERROR] a-b1-009 번호판 인식 불가 (unreadable)
[20:04:24][WARNING] [UNREADABLE] a-b1-009 번호판 인식 불가
[20:04:28][INFO] [Sender] 전송 성공 | event:entry_quick zone:a-b1-009
[20:04:34][INFO] [Sender] 전송 성공 | event:entry zone:a-b1-009
[20:04:50][INFO] [OCR Worker] a-b1-008 완료: UNREADABLE (unreadable)
[20:04:50][INFO] [Snapshot] a-b1-008 OCR 실패 → base64 스냅샷 생성
[20:04:50][WARNING] [OCR ERROR] a-b1-008 번호판 인식 불가 (unreadable)
[20:04:50][WARNING] [UNREADABLE] a-b1-008 번호판 인식 불가
[20:04:54][INFO] [Sender] 전송 성공 | event:entry zone:a-b1-008
[20:05:16][INFO] [EVENT] {'type': 'exit', 'zone': 'a-b1-009', 'plate': None, 'plate_status': 'unreadable', 'entry_time': 1781089464.676961, 'park_status': 'normal', 'linked_zone': None, 'timestamp': 1781089516.833938}
[20:05:16][WARNING] [EXIT] a-b1-009 OCR 완료 전 출차 → entry null 전송
[20:05:16][INFO] [EXIT] a-b1-009 plate=None
[20:05:20][INFO] [Sender] 전송 성공 | event:exit zone:a-b1-009
[20:05:25][INFO] [Sender] 전송 성공 | event:entry zone:a-b1-009
[20:05:28][INFO] [EVENT] {'type': 'entry', 'zone': 'a-b1-009', 'plate': None, 'plate_status': 'pending', 'entry_time': 1781089528.0374408, 'park_status': 'normal', 'timestamp': 1781089528.0374408}
[20:05:28][INFO] [ENTRY QUICK] a-b1-009 PARKED 상태 먼저 전송
[20:05:28][INFO] [ENTRY] a-b1-009 OCR Queue 제출 (대기: 1)
[20:05:28][INFO] [OCR Worker] a-b1-009 완료: UNREADABLE (unreadable)
[20:05:28][INFO] [Snapshot] a-b1-009 OCR 실패 → base64 스냅샷 생성
[20:05:28][WARNING] [OCR ERROR] a-b1-009 번호판 인식 불가 (unreadable)
[20:05:28][WARNING] [UNREADABLE] a-b1-009 번호판 인식 불가
[20:05:32][INFO] [Sender] 전송 성공 | event:entry_quick zone:a-b1-009
[20:05:36][INFO] [Sender] 전송 성공 | event:entry zone:a-b1-009
[20:06:07][INFO] [EVENT] {'type': 'exit', 'zone': 'a-b1-009', 'plate': None, 'plate_status': 'unreadable', 'entry_time': 1781089528.0374408, 'park_status': 'normal', 'linked_zone': None, 'timestamp': 1781089567.0026145}
[20:06:07][WARNING] [EXIT] a-b1-009 OCR 완료 전 출차 → entry null 전송
[20:06:07][INFO] [EXIT] a-b1-009 plate=None
[20:06:10][WARNING] [Sender] 서버 응답 오류: 404 → 재전송 큐 저장
[20:06:10][WARNING] [Sender] 큐 저장 (3건)
[20:06:16][INFO] [Sender] 전송 성공 | event:entry zone:a-b1-009
[20:06:17][INFO] [EVENT] {'type': 'entry', 'zone': 'a-b1-009', 'plate': None, 'plate_status': 'pending', 'entry_time': 1781089577.5820222, 'park_status': 'normal', 'timestamp': 1781089577.5820222}
[20:06:17][INFO] [ENTRY QUICK] a-b1-009 PARKED 상태 먼저 전송
[20:06:17][INFO] [ENTRY] a-b1-009 OCR Queue 제출 (대기: 1)
[20:06:17][INFO] [OCR Worker] a-b1-009 완료: UNREADABLE (unreadable)
[20:06:17][INFO] [Snapshot] a-b1-009 OCR 실패 → base64 스냅샷 생성
[20:06:17][WARNING] [OCR ERROR] a-b1-009 번호판 인식 불가 (unreadable)
[20:06:17][WARNING] [UNREADABLE] a-b1-009 번호판 인식 불가
[20:06:20][INFO] [Sender] 미전송 1건 재전송 완료
[20:06:22][INFO] [Sender] 전송 성공 | event:entry_quick zone:a-b1-009
[20:06:28][INFO] [Sender] 전송 성공 | event:entry zone:a-b1-009
[20:08:47][INFO] [EVENT] {'type': 'exit', 'zone': 'a-b1-008', 'plate': None, 'plate_status': 'unreadable', 'entry_time': 1781089458.1750216, 'park_status': 'normal', 'linked_zone': None, 'timestamp': 1781089727.1005166}
[20:08:47][WARNING] [EXIT] a-b1-008 OCR 완료 전 출차 → entry null 전송
[20:08:47][INFO] [EXIT] a-b1-008 plate=None
[20:08:47][INFO] [EVENT] {'type': 'exit', 'zone': 'a-b1-009', 'plate': None, 'plate_status': 'unreadable', 'entry_time': 1781089577.5820222, 'park_status': 'normal', 'linked_zone': None, 'timestamp': 1781089727.7443626}
[20:08:47][WARNING] [EXIT] a-b1-009 OCR 완료 전 출차 → entry null 전송
[20:08:47][INFO] [EXIT] a-b1-009 plate=None
[20:08:50][INFO] [Sender] 전송 성공 | event:exit zone:a-b1-008
[20:08:53][WARNING] [Sender] 서버 응답 오류: 404 → 재전송 큐 저장
[20:08:53][WARNING] [Sender] 큐 저장 (3건)
[20:08:58][INFO] [Sender] 전송 성공 | event:entry zone:a-b1-008
[20:09:02][INFO] [Sender] 전송 성공 | event:entry zone:a-b1-009
[20:15:11][INFO] Quit
[20:15:11][INFO] [Workers] 종료 대기 중...
[20:15:11][INFO] [OCR Worker] 종료
[20:15:11][INFO] [OCR Worker] 종료
[20:15:11][INFO] [Send Worker] 종료
[20:15:12][INFO] System stopped
[20:15:24][INFO] ==================================================
[20:15:24][INFO] Smart Parking System Start
[20:15:24][INFO] ==================================================
[20:15:31][INFO] [Sender] 초기화 | 서버: http://172.20.10.5:8000/api/event
[20:15:31][INFO] Mapping loaded | zones: ['a-b1-001', 'a-b1-002', 'a-b1-003', 'a-b1-004', 'a-b1-005', 'a-b1-006', 'a-b1-007', 'a-b1-008', 'a-b1-009']
[20:15:36][INFO] [Camera] C920 자동 포커스 설정 완료
[20:15:36][INFO] [OCR Worker] 시작
[20:15:36][INFO] [OCR Worker] 시작
[20:15:36][INFO] [Send Worker] 시작
[20:15:36][INFO] [Workers] OCR x2, Send x1 시작
[20:15:37][INFO] Camera started | M: mapping  Q/ESC: quit
[20:15:38][INFO] [PixelCheck] 빈 구역 스냅샷 초기화 완료
[20:18:00][INFO] [EVENT] {'type': 'entry', 'zone': 'a-b1-001', 'plate': None, 'plate_status': 'pending', 'entry_time': 1781090280.0439305, 'park_status': 'normal', 'timestamp': 1781090280.0439305}
[20:18:00][INFO] [ENTRY QUICK] a-b1-001 PARKED 상태 먼저 전송
[20:18:00][INFO] [ENTRY] a-b1-001 OCR Queue 제출 (대기: 1)
[20:18:01][INFO] [Sender] 전송 성공 | event:entry_quick zone:a-b1-001
[20:18:26][INFO] [OCR Worker] a-b1-001 완료: 42바3579 (confirmed)
[20:18:29][INFO] [Sender] 전송 성공 | event:entry zone:a-b1-001
[20:18:30][INFO] [EVENT] {'type': 'entry', 'zone': 'a-b1-003', 'plate': None, 'plate_status': 'pending', 'entry_time': 1781090310.5076826, 'park_status': 'normal', 'timestamp': 1781090310.5076826}
[20:18:30][INFO] [ENTRY QUICK] a-b1-003 PARKED 상태 먼저 전송
[20:18:30][INFO] [ENTRY] a-b1-003 OCR Queue 제출 (대기: 1)
[20:18:30][INFO] [OCR Worker] a-b1-003 완료: UNREADABLE (unreadable)
[20:18:30][INFO] [Snapshot] a-b1-003 OCR 실패 → base64 스냅샷 생성
[20:18:30][WARNING] [OCR ERROR] a-b1-003 번호판 인식 불가 (unreadable)
[20:18:30][WARNING] [UNREADABLE] a-b1-003 번호판 인식 불가
[20:18:31][INFO] [Sender] 전송 성공 | event:entry_quick zone:a-b1-003
[20:18:33][INFO] [Sender] 전송 성공 | event:entry zone:a-b1-003
[20:18:36][INFO] [EVENT] {'type': 'entry', 'zone': 'a-b1-002', 'plate': None, 'plate_status': 'pending', 'entry_time': 1781090316.8658402, 'park_status': 'normal', 'timestamp': 1781090316.8658402}
[20:18:36][INFO] [ENTRY QUICK] a-b1-002 PARKED 상태 먼저 전송
[20:18:36][INFO] [ENTRY] a-b1-002 OCR Queue 제출 (대기: 1)
[20:18:37][INFO] [Sender] 전송 성공 | event:entry_quick zone:a-b1-002
[20:18:52][INFO] [EVENT] {'type': 'entry', 'zone': 'a-b1-004', 'plate': None, 'plate_status': 'pending', 'entry_time': 1781090332.1264005, 'park_status': 'normal', 'timestamp': 1781090332.1264005}
[20:18:52][INFO] [ENTRY QUICK] a-b1-004 PARKED 상태 먼저 전송
[20:18:52][INFO] [ENTRY] a-b1-004 OCR Queue 제출 (대기: 1)
[20:18:52][INFO] [OCR Worker] a-b1-004 완료: UNREADABLE (unreadable)
[20:18:52][INFO] [Snapshot] a-b1-004 OCR 실패 → base64 스냅샷 생성
[20:18:52][WARNING] [OCR ERROR] a-b1-004 번호판 인식 불가 (unreadable)
[20:18:52][WARNING] [UNREADABLE] a-b1-004 번호판 인식 불가
[20:18:53][INFO] [Sender] 전송 성공 | event:entry_quick zone:a-b1-004
[20:18:55][INFO] [Sender] 전송 성공 | event:entry zone:a-b1-004
[20:18:59][INFO] [OCR Worker] a-b1-002 완료: 37다5209 (confirmed)
[20:19:03][INFO] [Sender] 전송 성공 | event:entry zone:a-b1-002
[20:21:30][INFO] [EVENT] {'type': 'entry', 'zone': 'a-b1-005', 'plate': None, 'plate_status': 'pending', 'entry_time': 1781090490.2270195, 'park_status': 'normal', 'timestamp': 1781090490.2270195}
[20:21:30][INFO] [ENTRY QUICK] a-b1-005 PARKED 상태 먼저 전송
[20:21:30][INFO] [ENTRY] a-b1-005 OCR Queue 제출 (대기: 1)
[20:21:31][INFO] [Sender] 전송 성공 | event:entry_quick zone:a-b1-005
[20:21:59][INFO] [OCR Worker] a-b1-005 완료: UNREADABLE (unreadable)
[20:21:59][INFO] [Snapshot] a-b1-005 OCR 실패 → base64 스냅샷 생성
[20:21:59][WARNING] [OCR ERROR] a-b1-005 번호판 인식 불가 (unreadable)
[20:21:59][WARNING] [UNREADABLE] a-b1-005 번호판 인식 불가
[20:22:01][INFO] [Sender] 전송 성공 | event:entry zone:a-b1-005
[20:22:21][INFO] [EVENT] {'type': 'exit', 'zone': 'a-b1-005', 'plate': None, 'plate_status': 'unreadable', 'entry_time': 1781090490.2270195, 'park_status': 'normal', 'linked_zone': None, 'timestamp': 1781090541.53698}
[20:22:21][WARNING] [EXIT] a-b1-005 OCR 완료 전 출차 → entry null 전송
[20:22:21][INFO] [EXIT] a-b1-005 plate=None
[20:22:22][INFO] [Sender] 전송 성공 | event:exit zone:a-b1-005
[20:22:25][INFO] [Sender] 전송 성공 | event:entry zone:a-b1-005
[20:22:33][INFO] [EVENT] {'type': 'entry', 'zone': 'a-b1-005', 'plate': None, 'plate_status': 'pending', 'entry_time': 1781090553.4112089, 'park_status': 'normal', 'timestamp': 1781090553.4112089}
[20:22:33][INFO] [ENTRY QUICK] a-b1-005 PARKED 상태 먼저 전송
[20:22:33][INFO] [ENTRY] a-b1-005 OCR Queue 제출 (대기: 1)
[20:22:33][INFO] [OCR Worker] a-b1-005 완료: UNREADABLE (unreadable)
[20:22:33][INFO] [Snapshot] a-b1-005 OCR 실패 → base64 스냅샷 생성
[20:22:33][WARNING] [OCR ERROR] a-b1-005 번호판 인식 불가 (unreadable)
[20:22:33][WARNING] [UNREADABLE] a-b1-005 번호판 인식 불가
[20:22:34][INFO] [Sender] 전송 성공 | event:entry_quick zone:a-b1-005
[20:22:35][INFO] [Sender] 전송 성공 | event:entry zone:a-b1-005
[20:27:17][INFO] [EVENT] {'type': 'exit', 'zone': 'a-b1-005', 'plate': None, 'plate_status': 'unreadable', 'entry_time': 1781090553.4112089, 'park_status': 'normal', 'linked_zone': None, 'timestamp': 1781090837.0975192}
[20:27:17][WARNING] [EXIT] a-b1-005 OCR 완료 전 출차 → entry null 전송
[20:27:17][INFO] [EXIT] a-b1-005 plate=None
[20:27:17][WARNING] [Sender] 서버 응답 오류: 404 → 재전송 큐 저장
[20:27:17][WARNING] [Sender] 큐 저장 (1건)
[20:27:20][INFO] [Sender] 전송 성공 | event:entry zone:a-b1-005
[20:27:29][INFO] [EVENT] {'type': 'entry', 'zone': 'a-b1-005', 'plate': None, 'plate_status': 'pending', 'entry_time': 1781090849.5946138, 'park_status': 'normal', 'timestamp': 1781090849.5946138}
[20:27:29][INFO] [ENTRY QUICK] a-b1-005 PARKED 상태 먼저 전송
[20:27:29][INFO] [ENTRY] a-b1-005 OCR Queue 제출 (대기: 1)
[20:27:30][INFO] [Sender] 미전송 1건 재전송 완료
[20:27:30][INFO] [Sender] 전송 성공 | event:entry_quick zone:a-b1-005
[20:27:58][INFO] [EVENT] {'type': 'exit', 'zone': 'a-b1-001', 'plate': '42바3579', 'plate_status': 'confirmed', 'entry_time': 1781090280.0439305, 'park_status': 'normal', 'linked_zone': None, 'timestamp': 1781090878.9592786}
[20:27:58][WARNING] [EXIT] a-b1-001 OCR 완료 전 출차 → entry null 전송
[20:27:58][INFO] [Snapshot] a-b1-001 OCR 완료 전 출차 → base64 스냅샷 생성
[20:27:58][INFO] [EXIT] a-b1-001 plate=42바3579
[20:27:58][INFO] [EVENT] {'type': 'exit', 'zone': 'a-b1-003', 'plate': None, 'plate_status': 'unreadable', 'entry_time': 1781090310.5076826, 'park_status': 'normal', 'linked_zone': None, 'timestamp': 1781090878.9746945}
[20:27:58][WARNING] [EXIT] a-b1-003 OCR 완료 전 출차 → entry null 전송
[20:27:58][INFO] [EXIT] a-b1-003 plate=None
[20:27:59][INFO] [Sender] 전송 성공 | event:exit zone:a-b1-001
[20:27:59][INFO] [EVENT] {'type': 'exit', 'zone': 'a-b1-002', 'plate': '37다5209', 'plate_status': 'confirmed', 'entry_time': 1781090316.8658402, 'park_status': 'normal', 'linked_zone': None, 'timestamp': 1781090879.9405494}
[20:27:59][WARNING] [EXIT] a-b1-002 OCR 완료 전 출차 → entry null 전송
[20:27:59][INFO] [Snapshot] a-b1-002 OCR 완료 전 출차 → base64 스냅샷 생성
[20:27:59][INFO] [EXIT] a-b1-002 plate=37다5209
[20:27:59][INFO] [EVENT] {'type': 'exit', 'zone': 'a-b1-004', 'plate': None, 'plate_status': 'unreadable', 'entry_time': 1781090332.1264005, 'park_status': 'normal', 'linked_zone': None, 'timestamp': 1781090879.9545135}
[20:27:59][WARNING] [EXIT] a-b1-004 OCR 완료 전 출차 → entry null 전송
[20:27:59][INFO] [EXIT] a-b1-004 plate=None
[20:28:01][INFO] [Sender] 전송 성공 | event:exit zone:a-b1-003
[20:28:01][INFO] [OCR Worker] a-b1-005 완료: UNREADABLE (unreadable)
[20:28:01][INFO] [Snapshot] a-b1-005 OCR 실패 → base64 스냅샷 생성
[20:28:01][WARNING] [OCR ERROR] a-b1-005 번호판 인식 불가 (unreadable)
[20:28:01][WARNING] [UNREADABLE] a-b1-005 번호판 인식 불가
[20:28:02][INFO] [Sender] 전송 성공 | event:exit zone:a-b1-002
[20:28:03][INFO] [Sender] 전송 성공 | event:exit zone:a-b1-004
[20:28:05][INFO] [Sender] 전송 성공 | event:entry zone:a-b1-001
[20:28:06][INFO] [Sender] 전송 성공 | event:entry zone:a-b1-003
[20:28:09][INFO] [Sender] 전송 성공 | event:entry zone:a-b1-002
[20:28:10][INFO] [Sender] 전송 성공 | event:entry zone:a-b1-004
[20:28:12][INFO] [Sender] 전송 성공 | event:entry zone:a-b1-005
[20:28:26][INFO] [EVENT] {'type': 'exit', 'zone': 'a-b1-005', 'plate': None, 'plate_status': 'unreadable', 'entry_time': 1781090849.5946138, 'park_status': 'normal', 'linked_zone': None, 'timestamp': 1781090906.1265247}
[20:28:26][WARNING] [EXIT] a-b1-005 OCR 완료 전 출차 → entry null 전송
[20:28:26][INFO] [EXIT] a-b1-005 plate=None
[20:28:26][WARNING] [Sender] 서버 응답 오류: 502 → 재전송 큐 저장
[20:28:26][WARNING] [Sender] 큐 저장 (1건)
[20:28:29][WARNING] [Sender] 서버 응답 오류: 502 → 재전송 큐 저장
[20:28:29][WARNING] [Sender] 큐 저장 (2건)
[20:28:53][INFO] Quit
[20:28:53][INFO] [Workers] 종료 대기 중...
[20:28:54][INFO] [OCR Worker] 종료
[20:28:54][INFO] [Send Worker] 종료
[20:28:54][INFO] [OCR Worker] 종료
[20:28:54][INFO] System stopped
[20:32:09][INFO] ==================================================
[20:32:09][INFO] Smart Parking System Start
[20:32:09][INFO] ==================================================
[20:32:15][INFO] [Sender] 초기화 | 서버: http://172.20.10.5:8000/api/event
[20:32:15][INFO] [Sender] 미전송 2건 복구
[20:32:15][INFO] Mapping loaded | zones: ['a-b1-001', 'a-b1-002', 'a-b1-003', 'a-b1-004', 'a-b1-005', 'a-b1-006', 'a-b1-007', 'a-b1-008', 'a-b1-009']
[20:32:20][INFO] [Camera] C920 자동 포커스 설정 완료
[20:32:20][INFO] [OCR Worker] 시작
[20:32:20][INFO] [OCR Worker] 시작
[20:32:20][INFO] [Send Worker] 시작
[20:32:20][INFO] [Workers] OCR x2, Send x1 시작
[20:32:22][INFO] Camera started | M: mapping  Q/ESC: quit
[20:32:23][INFO] [PixelCheck] 빈 구역 스냅샷 초기화 완료
[20:46:45][INFO] Quit
[20:46:45][INFO] [Workers] 종료 대기 중...
[20:46:45][INFO] [Send Worker] 종료
[20:46:45][INFO] [OCR Worker] 종료
[20:46:45][INFO] [OCR Worker] 종료
[20:46:46][INFO] System stopped
[20:48:25][INFO] ==================================================
[20:48:25][INFO] Smart Parking System Start
[20:48:25][INFO] ==================================================
[20:48:32][INFO] [Sender] 초기화 | 서버: http://172.20.10.5:8000/api/event
[20:48:32][INFO] [Sender] 미전송 2건 복구
[20:48:32][INFO] Mapping loaded | zones: ['a-b1-001', 'a-b1-002', 'a-b1-003', 'a-b1-004', 'a-b1-005', 'a-b1-006', 'a-b1-007', 'a-b1-008', 'a-b1-009']
[20:48:37][INFO] [Camera] C920 자동 포커스 설정 완료
[20:48:37][INFO] [OCR Worker] 시작
[20:48:37][INFO] [OCR Worker] 시작
[20:48:37][INFO] [Send Worker] 시작
[20:48:37][INFO] [Workers] OCR x2, Send x1 시작
[20:48:38][INFO] Camera started | M: mapping  Q/ESC: quit
[20:48:40][INFO] [PixelCheck] 빈 구역 스냅샷 초기화 완료
[20:53:00][INFO] [EVENT] {'type': 'entry', 'zone': 'a-b1-003', 'plate': None, 'plate_status': 'pending', 'entry_time': 1781092380.0790172, 'park_status': 'normal', 'timestamp': 1781092380.0790172}
[20:53:00][INFO] [ENTRY QUICK] a-b1-003 PARKED 상태 먼저 전송
[20:53:00][INFO] [ENTRY] a-b1-003 OCR Queue 제출 (대기: 1)
[20:53:00][INFO] [OCR Worker] a-b1-003 완료: None (null)
[20:53:00][INFO] [Snapshot] a-b1-003 OCR 실패 → base64 스냅샷 생성
[20:53:00][WARNING] [OCR ERROR] a-b1-003 번호판 인식 불가 (null)
[20:53:30][ERROR] [Sender] 전송 실패: HTTPConnectionPool(host='172.20.10.5', port=8000): Max retries exceeded with url: /api/event (Caused by ConnectTimeoutError(<HTTPConnection(host='172.20.10.5', port=8000) at 0x7fff6fbc74d0>, 'Connection to 172.20.10.5 timed out. (connect timeout=15)'))
[20:53:30][WARNING] [Sender] 큐 저장 (3건)
[20:54:00][ERROR] [Sender] 전송 실패: HTTPConnectionPool(host='172.20.10.5', port=8000): Max retries exceeded with url: /api/event (Caused by ConnectTimeoutError(<HTTPConnection(host='172.20.10.5', port=8000) at 0x7fff6fbfe190>, 'Connection to 172.20.10.5 timed out. (connect timeout=15)'))
[20:54:00][WARNING] [Sender] 큐 저장 (4건)
[20:54:19][INFO] [EVENT] {'type': 'entry', 'zone': 'a-b1-004', 'plate': None, 'plate_status': 'pending', 'entry_time': 1781092459.4722347, 'park_status': 'normal', 'timestamp': 1781092459.4722347}
[20:54:19][INFO] [ENTRY QUICK] a-b1-004 PARKED 상태 먼저 전송
[20:54:19][INFO] [ENTRY] a-b1-004 OCR Queue 제출 (대기: 1)
[20:54:19][INFO] [OCR Worker] a-b1-004 완료: None (null)
[20:54:19][INFO] [Snapshot] a-b1-004 OCR 실패 → base64 스냅샷 생성
[20:54:19][WARNING] [OCR ERROR] a-b1-004 번호판 인식 불가 (null)
[20:54:49][ERROR] [Sender] 전송 실패: HTTPConnectionPool(host='172.20.10.5', port=8000): Max retries exceeded with url: /api/event (Caused by ConnectTimeoutError(<HTTPConnection(host='172.20.10.5', port=8000) at 0x7fff6fc01b50>, 'Connection to 172.20.10.5 timed out. (connect timeout=15)'))
[20:54:49][WARNING] [Sender] 큐 저장 (5건)
[20:54:58][INFO] [EVENT] {'type': 'exit', 'zone': 'a-b1-003', 'plate': None, 'plate_status': 'null', 'entry_time': 1781092380.0790172, 'park_status': 'normal', 'linked_zone': None, 'timestamp': 1781092498.3082647}
[20:54:58][WARNING] [EXIT] a-b1-003 OCR 완료 전 출차 → entry null 전송
[20:54:58][INFO] [EXIT] a-b1-003 plate=None
[20:55:19][ERROR] [Sender] 전송 실패: HTTPConnectionPool(host='172.20.10.5', port=8000): Max retries exceeded with url: /api/event (Caused by ConnectTimeoutError(<HTTPConnection(host='172.20.10.5', port=8000) at 0x7fff6fc37790>, 'Connection to 172.20.10.5 timed out. (connect timeout=15)'))
[20:55:19][WARNING] [Sender] 큐 저장 (6건)
[20:55:40][INFO] [EVENT] {'type': 'exit', 'zone': 'a-b1-004', 'plate': None, 'plate_status': 'null', 'entry_time': 1781092459.4722347, 'park_status': 'normal', 'linked_zone': None, 'timestamp': 1781092540.230422}
[20:55:40][WARNING] [EXIT] a-b1-004 OCR 완료 전 출차 → entry null 전송
[20:55:40][INFO] [EXIT] a-b1-004 plate=None
[20:55:49][ERROR] [Sender] 전송 실패: HTTPConnectionPool(host='172.20.10.5', port=8000): Max retries exceeded with url: /api/event (Caused by ConnectTimeoutError(<HTTPConnection(host='172.20.10.5', port=8000) at 0x7fff6fc36e00>, 'Connection to 172.20.10.5 timed out. (connect timeout=15)'))
[20:55:49][WARNING] [Sender] 큐 저장 (7건)
[20:56:19][ERROR] [Sender] 전송 실패: HTTPConnectionPool(host='172.20.10.5', port=8000): Max retries exceeded with url: /api/event (Caused by ConnectTimeoutError(<HTTPConnection(host='172.20.10.5', port=8000) at 0x7fff6fd1c270>, 'Connection to 172.20.10.5 timed out. (connect timeout=15)'))
[20:56:19][WARNING] [Sender] 큐 저장 (8건)
[20:56:49][ERROR] [Sender] 전송 실패: HTTPConnectionPool(host='172.20.10.5', port=8000): Max retries exceeded with url: /api/event (Caused by ConnectTimeoutError(<HTTPConnection(host='172.20.10.5', port=8000) at 0x7fff6fd1c9e0>, 'Connection to 172.20.10.5 timed out. (connect timeout=15)'))
[20:56:49][WARNING] [Sender] 큐 저장 (9건)
[20:57:19][ERROR] [Sender] 전송 실패: HTTPConnectionPool(host='172.20.10.5', port=8000): Max retries exceeded with url: /api/event (Caused by ConnectTimeoutError(<HTTPConnection(host='172.20.10.5', port=8000) at 0x7fff6fd1d590>, 'Connection to 172.20.10.5 timed out. (connect timeout=15)'))
[20:57:19][WARNING] [Sender] 큐 저장 (10건)
[21:03:09][INFO] Quit
[21:03:09][INFO] [Workers] 종료 대기 중...
[21:03:09][INFO] [OCR Worker] 종료
[21:03:09][INFO] [OCR Worker] 종료
[21:03:09][INFO] [Send Worker] 종료
[21:03:09][INFO] System stopped
[21:03:22][INFO] ==================================================
[21:03:22][INFO] Smart Parking System Start
[21:03:22][INFO] ==================================================
[21:03:28][INFO] [Sender] 초기화 | 서버: http://172.20.10.5:8000/api/event
[21:03:28][INFO] [Sender] 미전송 10건 복구
[21:03:28][INFO] Mapping loaded | zones: ['a-b1-001', 'a-b1-002', 'a-b1-003', 'a-b1-004', 'a-b1-005', 'a-b1-006', 'a-b1-007', 'a-b1-008', 'a-b1-009']
[21:03:33][INFO] [Camera] C920 자동 포커스 설정 완료
[21:03:33][INFO] [OCR Worker] 시작
[21:03:33][INFO] [OCR Worker] 시작
[21:03:33][INFO] [Send Worker] 시작
[21:03:33][INFO] [Workers] OCR x2, Send x1 시작
[21:03:35][INFO] Camera started | M: mapping  Q/ESC: quit
[21:03:37][INFO] [PixelCheck] 빈 구역 스냅샷 초기화 완료
[21:04:01][INFO] [EVENT] {'type': 'entry', 'zone': 'a-b1-003', 'plate': None, 'plate_status': 'pending', 'entry_time': 1781093041.8512042, 'park_status': 'normal', 'timestamp': 1781093041.8512042}
[21:04:01][INFO] [ENTRY QUICK] a-b1-003 PARKED 상태 먼저 전송
[21:04:01][INFO] [ENTRY] a-b1-003 OCR Queue 제출 (대기: 1)
[21:04:24][INFO] [OCR Worker] a-b1-003 완료: None (null)
[21:04:24][INFO] [Snapshot] a-b1-003 OCR 실패 → base64 스냅샷 생성
[21:04:24][WARNING] [OCR ERROR] a-b1-003 번호판 인식 불가 (null)
[21:04:31][ERROR] [Sender] 전송 실패: HTTPConnectionPool(host='172.20.10.5', port=8000): Max retries exceeded with url: /api/event (Caused by ConnectTimeoutError(<HTTPConnection(host='172.20.10.5', port=8000) at 0x7fff2a5f74d0>, 'Connection to 172.20.10.5 timed out. (connect timeout=15)'))
[21:04:31][WARNING] [Sender] 큐 저장 (11건)
[21:04:54][INFO] Quit
[21:04:54][INFO] [Workers] 종료 대기 중...
[21:04:55][INFO] [OCR Worker] 종료
[21:04:55][INFO] [OCR Worker] 종료
[21:05:00][INFO] System stopped
[21:05:39][INFO] ==================================================
[21:05:39][INFO] Smart Parking System Start
[21:05:39][INFO] ==================================================
[21:05:46][INFO] [Sender] 초기화 | 서버: http://172.20.10.5:8000/api/event
[21:05:46][INFO] Mapping loaded | zones: ['a-b1-001', 'a-b1-002', 'a-b1-003', 'a-b1-004', 'a-b1-005', 'a-b1-006', 'a-b1-007', 'a-b1-008', 'a-b1-009']
[21:05:51][INFO] [Camera] C920 자동 포커스 설정 완료
[21:05:51][INFO] [OCR Worker] 시작
[21:05:51][INFO] [OCR Worker] 시작
[21:05:51][INFO] [Send Worker] 시작
[21:05:51][INFO] [Workers] OCR x2, Send x1 시작
[21:05:52][INFO] Camera started | M: mapping  Q/ESC: quit
[21:05:54][INFO] [PixelCheck] 빈 구역 스냅샷 초기화 완료
[21:06:02][INFO] [EVENT] {'type': 'exit', 'zone': 'a-b1-003', 'plate': None, 'plate_status': 'null', 'entry_time': 1781093041.8512042, 'park_status': 'normal', 'linked_zone': None, 'timestamp': 1781093162.7541494}
[21:06:02][INFO] [EXIT] a-b1-003 plate=None
[21:06:17][ERROR] [Sender] 전송 실패: HTTPConnectionPool(host='172.20.10.5', port=8000): Max retries exceeded with url: /api/event (Caused by ConnectTimeoutError(<HTTPConnection(host='172.20.10.5', port=8000) at 0x7fff2258acf0>, 'Connection to 172.20.10.5 timed out. (connect timeout=15)'))
[21:06:17][WARNING] [Sender] 큐 저장 (1건)
[21:06:28][INFO] [EVENT] {'type': 'entry', 'zone': 'a-b1-004', 'plate': None, 'plate_status': 'pending', 'entry_time': 1781093188.3895004, 'park_status': 'normal', 'timestamp': 1781093188.3895004}
[21:06:28][INFO] [ENTRY QUICK] a-b1-004 PARKED 상태 먼저 전송
[21:06:28][INFO] [ENTRY] a-b1-004 OCR Queue 제출 (대기: 1)
[21:06:28][INFO] [OCR Worker] a-b1-004 완료: None (null)
[21:06:28][INFO] [Snapshot] a-b1-004 OCR 실패 → base64 스냅샷 생성
[21:06:28][WARNING] [OCR ERROR] a-b1-004 번호판 인식 불가 (null)
[21:06:58][ERROR] [Sender] 전송 실패: HTTPConnectionPool(host='172.20.10.5', port=8000): Max retries exceeded with url: /api/event (Caused by ConnectTimeoutError(<HTTPConnection(host='172.20.10.5', port=8000) at 0x7fff22557d90>, 'Connection to 172.20.10.5 timed out. (connect timeout=15)'))
[21:06:58][WARNING] [Sender] 큐 저장 (2건)
[21:07:28][ERROR] [Sender] 전송 실패: HTTPConnectionPool(host='172.20.10.5', port=8000): Max retries exceeded with url: /api/event (Caused by ConnectTimeoutError(<HTTPConnection(host='172.20.10.5', port=8000) at 0x7fff2259a650>, 'Connection to 172.20.10.5 timed out. (connect timeout=15)'))
[21:07:28][WARNING] [Sender] 큐 저장 (3건)
[21:07:41][INFO] [EVENT] {'type': 'exit', 'zone': 'a-b1-004', 'plate': None, 'plate_status': 'null', 'entry_time': 1781093188.3895004, 'park_status': 'normal', 'linked_zone': None, 'timestamp': 1781093261.9563339}
[21:07:41][WARNING] [EXIT] a-b1-004 OCR 완료 전 출차 → entry null 전송
[21:07:41][INFO] [EXIT] a-b1-004 plate=None
[21:07:47][INFO] [EVENT] {'type': 'entry', 'zone': 'a-b1-003', 'plate': None, 'plate_status': 'pending', 'entry_time': 1781093267.6143267, 'park_status': 'normal', 'timestamp': 1781093267.6143267}
[21:07:47][INFO] [ENTRY QUICK] a-b1-003 PARKED 상태 먼저 전송
[21:07:47][INFO] [ENTRY] a-b1-003 OCR Queue 제출 (대기: 1)
[21:08:11][ERROR] [Sender] 전송 실패: HTTPConnectionPool(host='172.20.10.5', port=8000): Max retries exceeded with url: /api/event (Caused by ConnectTimeoutError(<HTTPConnection(host='172.20.10.5', port=8000) at 0x7fff225c2580>, 'Connection to 172.20.10.5 timed out. (connect timeout=15)'))
[21:08:12][WARNING] [Sender] 큐 저장 (4건)
[21:08:22][INFO] [OCR Worker] a-b1-003 완료: None (null)
[21:08:22][INFO] [Snapshot] a-b1-003 OCR 실패 → base64 스냅샷 생성
[21:08:22][WARNING] [OCR ERROR] a-b1-003 번호판 인식 불가 (null)
[21:08:42][ERROR] [Sender] 전송 실패: HTTPConnectionPool(host='172.20.10.5', port=8000): Max retries exceeded with url: /api/event (Caused by ConnectTimeoutError(<HTTPConnection(host='172.20.10.5', port=8000) at 0x7fff226ad8c0>, 'Connection to 172.20.10.5 timed out. (connect timeout=15)'))
[21:08:42][WARNING] [Sender] 큐 저장 (5건)
[21:08:42][INFO] [EVENT] {'type': 'exit', 'zone': 'a-b1-003', 'plate': None, 'plate_status': 'null', 'entry_time': 1781093267.6143267, 'park_status': 'normal', 'linked_zone': None, 'timestamp': 1781093322.1673772}
[21:08:42][WARNING] [EXIT] a-b1-003 OCR 완료 전 출차 → entry null 전송
[21:08:42][INFO] [EXIT] a-b1-003 plate=None
[21:09:12][ERROR] [Sender] 전송 실패: HTTPConnectionPool(host='172.20.10.5', port=8000): Max retries exceeded with url: /api/event (Caused by ConnectTimeoutError(<HTTPConnection(host='172.20.10.5', port=8000) at 0x7fff226ade10>, 'Connection to 172.20.10.5 timed out. (connect timeout=15)'))
[21:09:12][WARNING] [Sender] 큐 저장 (6건)
[21:09:27][INFO] [EVENT] {'type': 'entry', 'zone': 'a-b1-003', 'plate': None, 'plate_status': 'pending', 'entry_time': 1781093367.4005442, 'park_status': 'normal', 'timestamp': 1781093367.4005442}
[21:09:27][INFO] [ENTRY QUICK] a-b1-003 PARKED 상태 먼저 전송
[21:09:27][INFO] [ENTRY] a-b1-003 OCR Queue 제출 (대기: 1)
[21:09:42][ERROR] [Sender] 전송 실패: HTTPConnectionPool(host='172.20.10.5', port=8000): Max retries exceeded with url: /api/event (Caused by ConnectTimeoutError(<HTTPConnection(host='172.20.10.5', port=8000) at 0x7fff226ae030>, 'Connection to 172.20.10.5 timed out. (connect timeout=15)'))
[21:09:42][WARNING] [Sender] 큐 저장 (7건)
[21:09:56][INFO] [OCR Worker] a-b1-003 완료: UNREADABLE (unreadable)
[21:09:56][INFO] [Snapshot] a-b1-003 OCR 실패 → base64 스냅샷 생성
[21:09:56][WARNING] [OCR ERROR] a-b1-003 번호판 인식 불가 (unreadable)
[21:09:56][WARNING] [UNREADABLE] a-b1-003 번호판 인식 불가
[21:10:11][INFO] [EVENT] {'type': 'entry', 'zone': 'a-b1-005', 'plate': None, 'plate_status': 'pending', 'entry_time': 1781093411.2993367, 'park_status': 'normal', 'timestamp': 1781093411.2993367}
[21:10:11][INFO] [ENTRY QUICK] a-b1-005 PARKED 상태 먼저 전송
[21:10:11][INFO] [ENTRY] a-b1-005 OCR Queue 제출 (대기: 1)
[21:10:12][ERROR] [Sender] 전송 실패: HTTPConnectionPool(host='172.20.10.5', port=8000): Max retries exceeded with url: /api/event (Caused by ConnectTimeoutError(<HTTPConnection(host='172.20.10.5', port=8000) at 0x7fff225c3ac0>, 'Connection to 172.20.10.5 timed out. (connect timeout=15)'))
[21:10:12][WARNING] [Sender] 큐 저장 (8건)
[21:10:42][ERROR] [Sender] 전송 실패: HTTPConnectionPool(host='172.20.10.5', port=8000): Max retries exceeded with url: /api/event (Caused by ConnectTimeoutError(<HTTPConnection(host='172.20.10.5', port=8000) at 0x7fff226ae030>, 'Connection to 172.20.10.5 timed out. (connect timeout=15)'))
[21:10:42][WARNING] [Sender] 큐 저장 (9건)
[21:10:53][INFO] [OCR Worker] a-b1-005 완료: None (null)
[21:10:53][INFO] [Snapshot] a-b1-005 OCR 실패 → base64 스냅샷 생성
[21:10:53][WARNING] [OCR ERROR] a-b1-005 번호판 인식 불가 (null)
[21:11:12][ERROR] [Sender] 전송 실패: HTTPConnectionPool(host='172.20.10.5', port=8000): Max retries exceeded with url: /api/event (Caused by ConnectTimeoutError(<HTTPConnection(host='172.20.10.5', port=8000) at 0x7fff226ade10>, 'Connection to 172.20.10.5 timed out. (connect timeout=15)'))
[21:11:12][WARNING] [Sender] 큐 저장 (10건)
[21:11:18][INFO] Quit
[21:11:18][INFO] [Workers] 종료 대기 중...
[21:11:18][INFO] [OCR Worker] 종료
[21:11:19][INFO] [OCR Worker] 종료
[21:11:24][INFO] System stopped
[21:12:07][INFO] ==================================================
[21:12:07][INFO] Smart Parking System Start
[21:12:07][INFO] ==================================================
[21:12:14][INFO] [Sender] 초기화 | 서버: http://172.20.10.5:8000/api/event
[21:12:14][INFO] [Sender] 미전송 10건 복구
[21:12:14][INFO] Mapping loaded | zones: ['a-b1-001', 'a-b1-002', 'a-b1-003', 'a-b1-004', 'a-b1-005', 'a-b1-006', 'a-b1-007', 'a-b1-008', 'a-b1-009']
[21:12:19][INFO] [Camera] C920 자동 포커스 설정 완료
[21:12:19][INFO] [OCR Worker] 시작
[21:12:19][INFO] [OCR Worker] 시작
[21:12:19][INFO] [Send Worker] 시작
[21:12:19][INFO] [Workers] OCR x2, Send x1 시작
[21:12:19][INFO] Camera started | M: mapping  Q/ESC: quit
[21:12:21][INFO] [PixelCheck] 빈 구역 스냅샷 초기화 완료
[21:12:29][INFO] [EVENT] {'type': 'exit', 'zone': 'a-b1-003', 'plate': None, 'plate_status': 'unreadable', 'entry_time': 1781093367.4005442, 'park_status': 'normal', 'linked_zone': None, 'timestamp': 1781093549.4253724}
[21:12:29][INFO] [EXIT] a-b1-003 plate=None
[21:12:29][INFO] [EVENT] {'type': 'exit', 'zone': 'a-b1-005', 'plate': None, 'plate_status': 'null', 'entry_time': 1781093411.2993367, 'park_status': 'normal', 'linked_zone': None, 'timestamp': 1781093549.4330046}
[21:12:29][INFO] [EXIT] a-b1-005 plate=None
[21:12:59][ERROR] [Sender] 전송 실패: HTTPConnectionPool(host='172.20.10.5', port=8000): Max retries exceeded with url: /api/event (Caused by ConnectTimeoutError(<HTTPConnection(host='172.20.10.5', port=8000) at 0x7fff58f934d0>, 'Connection to 172.20.10.5 timed out. (connect timeout=15)'))
[21:12:59][WARNING] [Sender] 큐 저장 (11건)
[21:13:29][ERROR] [Sender] 전송 실패: HTTPConnectionPool(host='172.20.10.5', port=8000): Max retries exceeded with url: /api/event (Caused by ConnectTimeoutError(<HTTPConnection(host='172.20.10.5', port=8000) at 0x7fff58fd9e00>, 'Connection to 172.20.10.5 timed out. (connect timeout=15)'))
[21:13:29][WARNING] [Sender] 큐 저장 (12건)
[21:13:45][INFO] [EVENT] {'type': 'entry', 'zone': 'a-b1-003', 'plate': None, 'plate_status': 'pending', 'entry_time': 1781093625.0955184, 'park_status': 'normal', 'timestamp': 1781093625.0955184}
[21:13:45][INFO] [ENTRY QUICK] a-b1-003 PARKED 상태 먼저 전송
[21:13:45][INFO] [ENTRY] a-b1-003 OCR Queue 제출 (대기: 1)
[21:13:45][INFO] [EVENT] {'type': 'entry', 'zone': 'a-b1-004', 'plate': None, 'plate_status': 'pending', 'entry_time': 1781093625.0984006, 'park_status': 'normal', 'timestamp': 1781093625.0984006}
[21:13:45][INFO] [ENTRY QUICK] a-b1-004 PARKED 상태 먼저 전송
[21:13:45][INFO] [OCR Worker] a-b1-003 완료: None (null)
[21:13:45][INFO] [ENTRY] a-b1-004 OCR Queue 제출 (대기: 1)
[21:13:45][INFO] [OCR Worker] a-b1-004 완료: None (null)
[21:13:45][INFO] [Snapshot] a-b1-003 OCR 실패 → base64 스냅샷 생성
[21:13:45][WARNING] [OCR ERROR] a-b1-003 번호판 인식 불가 (null)
[21:13:45][INFO] [Snapshot] a-b1-004 OCR 실패 → base64 스냅샷 생성
[21:13:45][WARNING] [OCR ERROR] a-b1-004 번호판 인식 불가 (null)
[21:14:15][ERROR] [Sender] 전송 실패: HTTPConnectionPool(host='172.20.10.5', port=8000): Max retries exceeded with url: /api/event (Caused by ConnectTimeoutError(<HTTPConnection(host='172.20.10.5', port=8000) at 0x7fff58fcdc70>, 'Connection to 172.20.10.5 timed out. (connect timeout=15)'))
[21:14:15][WARNING] [Sender] 큐 저장 (13건)
[21:14:45][ERROR] [Sender] 전송 실패: HTTPConnectionPool(host='172.20.10.5', port=8000): Max retries exceeded with url: /api/event (Caused by ConnectTimeoutError(<HTTPConnection(host='172.20.10.5', port=8000) at 0x7fff59007ac0>, 'Connection to 172.20.10.5 timed out. (connect timeout=15)'))
[21:14:45][WARNING] [Sender] 큐 저장 (14건)
[21:15:15][ERROR] [Sender] 전송 실패: HTTPConnectionPool(host='172.20.10.5', port=8000): Max retries exceeded with url: /api/event (Caused by ConnectTimeoutError(<HTTPConnection(host='172.20.10.5', port=8000) at 0x7fff590078a0>, 'Connection to 172.20.10.5 timed out. (connect timeout=15)'))
[21:15:15][WARNING] [Sender] 큐 저장 (15건)
[21:15:45][ERROR] [Sender] 전송 실패: HTTPConnectionPool(host='172.20.10.5', port=8000): Max retries exceeded with url: /api/event (Caused by ConnectTimeoutError(<HTTPConnection(host='172.20.10.5', port=8000) at 0x7fff590e8e20>, 'Connection to 172.20.10.5 timed out. (connect timeout=15)'))
[21:15:45][WARNING] [Sender] 큐 저장 (16건)
[21:16:23][INFO] [EVENT] {'type': 'exit', 'zone': 'a-b1-003', 'plate': None, 'plate_status': 'null', 'entry_time': 1781093625.0955184, 'park_status': 'normal', 'linked_zone': None, 'timestamp': 1781093783.4455404}
[21:16:23][WARNING] [EXIT] a-b1-003 OCR 완료 전 출차 → entry null 전송
[21:16:23][INFO] [EXIT] a-b1-003 plate=None
[21:16:47][INFO] Quit
[21:16:47][INFO] [Workers] 종료 대기 중...
[21:16:48][INFO] [OCR Worker] 종료
[21:16:48][INFO] [OCR Worker] 종료
[21:16:53][INFO] System stopped
[21:18:02][INFO] ==================================================
[21:18:02][INFO] Smart Parking System Start
[21:18:02][INFO] ==================================================
[21:18:07][INFO] [Sender] 초기화 | 서버: http://172.20.10.5:8000/api/event
[21:18:07][INFO] [Sender] 미전송 16건 복구
[21:18:07][INFO] Mapping loaded | zones: ['a-b1-001', 'a-b1-002', 'a-b1-003', 'a-b1-004', 'a-b1-005', 'a-b1-006', 'a-b1-007', 'a-b1-008', 'a-b1-009']
[21:18:12][INFO] [Camera] C920 자동 포커스 설정 완료
[21:18:12][INFO] [OCR Worker] 시작
[21:18:12][INFO] [OCR Worker] 시작
[21:18:12][INFO] [Send Worker] 시작
[21:18:12][INFO] [Workers] OCR x2, Send x1 시작
[21:18:13][INFO] Camera started | M: mapping  Q/ESC: quit
[21:18:15][INFO] [PixelCheck] 빈 구역 스냅샷 초기화 완료
[21:18:33][INFO] [EVENT] {'type': 'entry', 'zone': 'a-b1-003', 'plate': None, 'plate_status': 'pending', 'entry_time': 1781093913.826145, 'park_status': 'normal', 'timestamp': 1781093913.826145}
[21:18:33][INFO] [ENTRY QUICK] a-b1-003 PARKED 상태 먼저 전송
[21:18:33][INFO] [ENTRY] a-b1-003 OCR Queue 제출 (대기: 1)
[21:18:33][INFO] [OCR Worker] a-b1-003 완료: None (null)
[21:18:33][INFO] [Snapshot] a-b1-003 OCR 실패 → base64 스냅샷 생성
[21:18:33][WARNING] [OCR ERROR] a-b1-003 번호판 인식 불가 (null)
[21:18:35][INFO] [EVENT] {'type': 'exit', 'zone': 'a-b1-004', 'plate': None, 'plate_status': 'null', 'entry_time': 1781093625.0984006, 'park_status': 'normal', 'linked_zone': None, 'timestamp': 1781093915.8689995}
[21:18:35][INFO] [EXIT] a-b1-004 plate=None
[21:19:03][ERROR] [Sender] 전송 실패: HTTPConnectionPool(host='172.20.10.5', port=8000): Max retries exceeded with url: /api/event (Caused by ConnectTimeoutError(<HTTPConnection(host='172.20.10.5', port=8000) at 0x7fff2b1a74d0>, 'Connection to 172.20.10.5 timed out. (connect timeout=15)'))
[21:19:03][WARNING] [Sender] 큐 저장 (17건)
[21:19:20][INFO] [EVENT] {'type': 'entry', 'zone': 'a-b1-004', 'plate': None, 'plate_status': 'pending', 'entry_time': 1781093960.0704348, 'park_status': 'normal', 'timestamp': 1781093960.0704348}
[21:19:20][INFO] [ENTRY QUICK] a-b1-004 PARKED 상태 먼저 전송
[21:19:20][INFO] [ENTRY] a-b1-004 OCR Queue 제출 (대기: 1)
[21:19:21][INFO] [EVENT] {'type': 'exit', 'zone': 'a-b1-003', 'plate': None, 'plate_status': 'null', 'entry_time': 1781093913.826145, 'park_status': 'normal', 'linked_zone': None, 'timestamp': 1781093961.814754}
[21:19:21][WARNING] [EXIT] a-b1-003 OCR 완료 전 출차 → entry null 전송
[21:19:21][INFO] [EXIT] a-b1-003 plate=None
[21:19:33][ERROR] [Sender] 전송 실패: HTTPConnectionPool(host='172.20.10.5', port=8000): Max retries exceeded with url: /api/event (Caused by ConnectTimeoutError(<HTTPConnection(host='172.20.10.5', port=8000) at 0x7fff2b1e9e00>, 'Connection to 172.20.10.5 timed out. (connect timeout=15)'))
[21:19:33][WARNING] [Sender] 큐 저장 (18건)
[21:19:49][INFO] [OCR Worker] a-b1-004 완료: 78호1234 (confirmed)
[21:20:03][ERROR] [Sender] 전송 실패: HTTPConnectionPool(host='172.20.10.5', port=8000): Max retries exceeded with url: /api/event (Caused by ConnectTimeoutError(<HTTPConnection(host='172.20.10.5', port=8000) at 0x7fff2b1ddc70>, 'Connection to 172.20.10.5 timed out. (connect timeout=15)'))
[21:20:03][WARNING] [Sender] 큐 저장 (19건)
[21:20:33][ERROR] [Sender] 전송 실패: HTTPConnectionPool(host='172.20.10.5', port=8000): Max retries exceeded with url: /api/event (Caused by ConnectTimeoutError(<HTTPConnection(host='172.20.10.5', port=8000) at 0x7fff2b2fde10>, 'Connection to 172.20.10.5 timed out. (connect timeout=15)'))
[21:20:34][WARNING] [Sender] 큐 저장 (20건)
[21:21:04][ERROR] [Sender] 전송 실패: HTTPConnectionPool(host='172.20.10.5', port=8000): Max retries exceeded with url: /api/event (Caused by ConnectTimeoutError(<HTTPConnection(host='172.20.10.5', port=8000) at 0x7fff2b2fe030>, 'Connection to 172.20.10.5 timed out. (connect timeout=15)'))
[21:21:04][WARNING] [Sender] 큐 저장 (21건)
[21:21:34][ERROR] [Sender] 전송 실패: HTTPConnectionPool(host='172.20.10.5', port=8000): Max retries exceeded with url: /api/event (Caused by ConnectTimeoutError(<HTTPConnection(host='172.20.10.5', port=8000) at 0x7fff2b2fcd10>, 'Connection to 172.20.10.5 timed out. (connect timeout=15)'))
[21:21:34][WARNING] [Sender] 큐 저장 (22건)
[21:22:04][ERROR] [Sender] 전송 실패: HTTPConnectionPool(host='172.20.10.5', port=8000): Max retries exceeded with url: /api/event (Caused by ConnectTimeoutError(<HTTPConnection(host='172.20.10.5', port=8000) at 0x7fff2b216580>, 'Connection to 172.20.10.5 timed out. (connect timeout=15)'))
[21:22:04][WARNING] [Sender] 큐 저장 (23건)
[21:22:31][INFO] Quit
[21:22:31][INFO] [Workers] 종료 대기 중...
[21:22:31][INFO] [Send Worker] 종료
[21:22:31][INFO] [OCR Worker] 종료
[21:22:32][INFO] [OCR Worker] 종료
[21:22:32][INFO] System stopped
[21:22:39][INFO] ==================================================
[21:22:39][INFO] Smart Parking System Start
[21:22:39][INFO] ==================================================
[21:22:46][INFO] [Sender] 초기화 | 서버: http://172.20.10.5:8000/api/event
[21:22:46][INFO] [Sender] 미전송 23건 복구
[21:22:46][INFO] Mapping loaded | zones: ['a-b1-001', 'a-b1-002', 'a-b1-003', 'a-b1-004', 'a-b1-005', 'a-b1-006', 'a-b1-007', 'a-b1-008', 'a-b1-009']
[21:22:51][INFO] [Camera] C920 자동 포커스 설정 완료
[21:22:51][INFO] [OCR Worker] 시작
[21:22:51][INFO] [OCR Worker] 시작
[21:22:51][INFO] [Send Worker] 시작
[21:22:51][INFO] [Workers] OCR x2, Send x1 시작
[21:22:51][INFO] Camera started | M: mapping  Q/ESC: quit
[21:22:53][INFO] [PixelCheck] 빈 구역 스냅샷 초기화 완료
[21:23:15][INFO] [EVENT] {'type': 'entry', 'zone': 'a-b1-003', 'plate': None, 'plate_status': 'pending', 'entry_time': 1781094195.2559924, 'park_status': 'normal', 'timestamp': 1781094195.2559924}
[21:23:15][INFO] [ENTRY QUICK] a-b1-003 PARKED 상태 먼저 전송
[21:23:15][INFO] [ENTRY] a-b1-003 OCR Queue 제출 (대기: 1)
[21:23:17][INFO] [EVENT] {'type': 'exit', 'zone': 'a-b1-004', 'plate': '78호1234', 'plate_status': 'confirmed', 'entry_time': 1781093960.0704348, 'park_status': 'normal', 'linked_zone': None, 'timestamp': 1781094197.8494773}
[21:23:17][INFO] [EXIT] a-b1-004 plate=78호1234
[21:23:45][ERROR] [Sender] 전송 실패: HTTPConnectionPool(host='172.20.10.5', port=8000): Max retries exceeded with url: /api/event (Caused by ConnectTimeoutError(<HTTPConnection(host='172.20.10.5', port=8000) at 0x7ffeb1b174d0>, 'Connection to 172.20.10.5 timed out. (connect timeout=15)'))
[21:23:45][WARNING] [Sender] 큐 저장 (24건)
[21:23:49][INFO] [OCR Worker] a-b1-003 완료: None (null)
[21:23:49][INFO] [Snapshot] a-b1-003 OCR 실패 → base64 스냅샷 생성
[21:23:49][WARNING] [OCR ERROR] a-b1-003 번호판 인식 불가 (null)
[21:24:15][ERROR] [Sender] 전송 실패: HTTPConnectionPool(host='172.20.10.5', port=8000): Max retries exceeded with url: /api/event (Caused by ConnectTimeoutError(<HTTPConnection(host='172.20.10.5', port=8000) at 0x7ffeb1b59e00>, 'Connection to 172.20.10.5 timed out. (connect timeout=15)'))
[21:24:15][WARNING] [Sender] 큐 저장 (25건)
[21:24:45][ERROR] [Sender] 전송 실패: HTTPConnectionPool(host='172.20.10.5', port=8000): Max retries exceeded with url: /api/event (Caused by ConnectTimeoutError(<HTTPConnection(host='172.20.10.5', port=8000) at 0x7ffeb1b4d250>, 'Connection to 172.20.10.5 timed out. (connect timeout=15)'))
[21:24:45][WARNING] [Sender] 큐 저장 (26건)
[21:25:41][INFO] Quit
[21:25:41][INFO] [Workers] 종료 대기 중...
[21:25:41][INFO] [Send Worker] 종료
[21:25:41][INFO] [OCR Worker] 종료
[21:25:42][INFO] [OCR Worker] 종료
[21:25:42][INFO] System stopped
