{
  "homography_matrix": [
    [
      1.470496493213807,
      0.822983751664198,
      -515.2767997581836
    ],
    [
      -0.1672546724776782,
      3.2027490474448985,
      -136.70133621756636
    ],
    [
      -0.00013801450328547333,
      0.0016776740851904117,
      1.0
    ]
  ],
  "virtual_map_size": [
    1000,
    800
  ],
  "zones": {
    "A-1": [
      [
        119,
        107
      ],
      [
        143,
        416
      ],
      [
        345,
        460
      ],
      [
        345,
        185
      ]
    ]
  },
  "saved_at": "2026-04-28 17:24:48"
}